"Station Name","Date (Local Standard Time)","Air Temp. Min. (°C)","Air Temp. Max. (°C)","Air Temp. Avg. (°C)","Relative Humidity Avg. (%)","Wind Speed 10 m Avg. (km/h)","Heating Degree Days (DD)","Cooling Degree Days (DD)"
"Calgary Int'L CS","01-January-2018","-32.2","-3.6","-18.7","70.2","6.8","26.9","0.0"
"Calgary Int'L CS","02-January-2018","-11.6","0.8","-5.8","66.9","5.9","25.9","0.0"
"Calgary Int'L CS","03-January-2018","-10.1","6.4","-3.7","71.2","4.5","26.0","0.0"
"Calgary Int'L CS","04-January-2018","-12.0","4.0","-6.4","80.3","4.2","26.2","0.0"
"Calgary Int'L CS","05-January-2018","-12.4","9.6","-1.6","70.6","7.3","27.2","0.0"
"Calgary Int'L CS","06-January-2018","-4.0","7.9","3.3","63.6","16.4","25.9","0.0"
"Calgary Int'L CS","07-January-2018","-8.6","3.7","-1.2","65.7","9.8","25.8","0.0"
"Calgary Int'L CS","08-January-2018","-6.2","8.8","1.4","65.8","7.1","25.8","0.0"
"Calgary Int'L CS","09-January-2018","-18.1","-1.8","-10.0","84.5","22.8","27.0","0.0"
"Calgary Int'L CS","10-January-2018","-26.6","-18.0","-21.8","72.6","16.6","26.9","0.0"
"Calgary Int'L CS","11-January-2018","-29.5","-23.1","-25.8","75.6","9.5","27.5","0.0"
"Calgary Int'L CS","12-January-2018","-25.6","-16.7","-21.4","77.0","10.5","26.5","0.0"
"Calgary Int'L CS","13-January-2018","-17.1","1.9","-5.9","74.6","5.3","25.8","0.0"
"Calgary Int'L CS","14-January-2018","-8.8","2.7","-3.5","83.8","9.7","25.7","0.0"
"Calgary Int'L CS","15-January-2018","-10.4","-5.7","-8.6","89.6","19.1","25.5","0.0"
"Calgary Int'L CS","16-January-2018","-11.1","9.0","-0.8","66.3","11.5","25.9","0.0"
"Calgary Int'L CS","17-January-2018","-4.2","4.7","1.3","49.5","12.1","25.2","0.0"
"Calgary Int'L CS","18-January-2018","-5.8","7.1","2.9","59.9","17.4","23.6","0.0"
"Calgary Int'L CS","19-January-2018","-6.0","3.6","-0.7","45.3","16.4","22.6","0.0"
"Calgary Int'L CS","20-January-2018","-6.8","3.8","-1.0","47.2","13.3","23.5","0.0"
"Calgary Int'L CS","21-January-2018","-8.2","4.4","-2.2","57.8","7.8","23.4","0.0"
"Calgary Int'L CS","22-January-2018","-7.3","4.1","-1.0","45.9","13.9","23.4","0.0"
"Calgary Int'L CS","23-January-2018","-10.6","2.8","-4.5","59.4","8.2","24.1","0.0"
"Calgary Int'L CS","24-January-2018","-9.6","5.5","-3.5","70.4","4.8","24.2","0.0"
"Calgary Int'L CS","25-January-2018","-11.3","-5.7","-8.3","89.0","11.7","24.0","0.0"
"Calgary Int'L CS","26-January-2018","-14.6","-9.1","-11.4","71.8","12.3","24.5","0.0"
"Calgary Int'L CS","27-January-2018","-20.6","-14.2","-15.6","84.8","12.5","24.3","0.0"
"Calgary Int'L CS","28-January-2018","-20.4","-15.0","-16.9","76.9","13.8","25.2","0.0"
"Calgary Int'L CS","29-January-2018","-17.6","7.9","-5.5","70.4","11.6","23.7","0.0"
"Calgary Int'L CS","30-January-2018","-6.6","6.7","0.1","58.0","18.8","22.0","0.0"
"Calgary Int'L CS","31-January-2018","-18.9","-4.1","-16.1","79.3","13.5","23.0","0.0"
"Calgary Int'L CS","01-February-2018","-19.2","-11.7","-16.8","79.7","11.1","23.0","0.0"
"Calgary Int'L CS","02-February-2018","-21.5","-18.0","-19.3","81.9","10.6","23.5","0.0"
"Calgary Int'L CS","03-February-2018","-25.4","-18.3","-20.5","78.4","19.3","23.6","0.0"
"Calgary Int'L CS","04-February-2018","-26.2","-8.5","-17.6","78.2","7.5","23.1","0.0"
"Calgary Int'L CS","05-February-2018","-22.0","-12.2","-16.5","66.9","12.4","23.5","0.0"
"Calgary Int'L CS","06-February-2018","-20.7","-10.2","-13.5","61.3","16.3","25.0","0.0"
"Calgary Int'L CS","07-February-2018","-15.4","-9.0","-12.9","80.4","9.6","24.6","0.0"
"Calgary Int'L CS","08-February-2018","-27.9","-15.2","-18.8","81.7","10.0","25.5","0.0"
"Calgary Int'L CS","09-February-2018","-31.6","-11.2","-24.0","72.3","2.8","26.2","0.0"
"Calgary Int'L CS","10-February-2018","-24.2","-4.7","-12.1","65.6","9.2","26.3","0.0"
"Calgary Int'L CS","11-February-2018","-26.4","-7.0","-17.0","79.9","11.9","25.3","0.0"
"Calgary Int'L CS","12-February-2018","-28.9","2.4","-15.4","58.3","12.2","22.9","0.0"
"Calgary Int'L CS","13-February-2018","1.0","9.0","4.9","46.5","32.7","21.8","0.0"
"Calgary Int'L CS","14-February-2018","-14.7","4.0","-5.9","66.6","24.3","23.4","0.0"
"Calgary Int'L CS","15-February-2018","-20.9","-3.6","-13.0","66.4","12.6","22.1","0.0"
"Calgary Int'L CS","16-February-2018","-10.7","-1.7","-4.6","53.9","22.0","23.2","0.0"
"Calgary Int'L CS","17-February-2018","-14.3","-10.1","-12.9","78.7","8.1","23.5","0.0"
"Calgary Int'L CS","18-February-2018","-23.6","-14.1","-17.2","72.4","16.5","23.2","0.0"
"Calgary Int'L CS","19-February-2018","-24.0","-13.5","-18.5","63.4","7.6","22.7","0.0"
"Calgary Int'L CS","20-February-2018","-22.1","-9.9","-14.2","63.0","11.3","23.4","0.0"
"Calgary Int'L CS","21-February-2018","-24.1","-6.5","-15.9","62.7","4.8","23.1","0.0"
"Calgary Int'L CS","22-February-2018","-18.1","-5.1","-11.6","68.6","11.2","24.0","0.0"
"Calgary Int'L CS","23-February-2018","-22.1","-0.0","-10.3","58.5","18.7","24.5","0.0"
"Calgary Int'L CS","24-February-2018","-7.2","-1.0","-4.4","37.8","27.7","25.0","0.0"
"Calgary Int'L CS","25-February-2018","-11.1","0.7","-4.2","45.5","22.5","25.4","0.0"
"Calgary Int'L CS","26-February-2018","-16.0","-0.6","-7.7","51.8","9.8","24.8","0.0"
"Calgary Int'L CS","27-February-2018","-10.5","0.9","-2.7","39.3","24.3","23.3","0.0"
"Calgary Int'L CS","28-February-2018","-11.4","1.5","-4.6","45.9","11.9","23.4","0.0"
"Calgary Int'L CS","01-March-2018","-14.8","-6.1","-9.6","82.8","8.1","24.0","0.0"
"Calgary Int'L CS","02-March-2018","-10.8","-7.5","-9.6","89.8","14.7","23.6","0.0"
"Calgary Int'L CS","03-March-2018","-13.8","-10.0","-11.5","83.2","19.9","23.6","0.0"
"Calgary Int'L CS","04-March-2018","-22.1","-10.3","-14.5","74.5","6.5","24.8","0.0"
"Calgary Int'L CS","05-March-2018","-25.2","-7.6","-17.3","72.2","6.0","25.1","0.0"
"Calgary Int'L CS","06-March-2018","-23.3","-6.8","-15.5","71.6","8.4","25.5","0.0"
"Calgary Int'L CS","07-March-2018","-20.3","-6.1","-13.4","73.5","5.4","24.4","0.0"
"Calgary Int'L CS","08-March-2018","-18.5","-8.3","-11.7","82.9","11.2","23.1","0.0"
"Calgary Int'L CS","09-March-2018","-10.6","5.8","-4.4","72.6","13.4","21.6","0.0"
"Calgary Int'L CS","10-March-2018","-12.8","3.9","-4.5","68.1","8.3","21.0","0.0"
"Calgary Int'L CS","11-March-2018","-13.4","3.6","-4.9","67.1","4.0","19.4","0.0"
"Calgary Int'L CS","12-March-2018","-13.4","6.4","-3.6","65.6","7.5","18.2","0.0"
"Calgary Int'L CS","13-March-2018","-10.9","7.4","-2.3","61.7","4.9","18.6","0.0"
"Calgary Int'L CS","14-March-2018","-11.0","2.5","-4.7","76.6","5.4","18.9","0.0"
"Calgary Int'L CS","15-March-2018","-8.1","-2.4","-4.4","88.1","16.3","19.5","0.0"
"Calgary Int'L CS","16-March-2018","-11.5","3.7","-4.3","80.8","6.0","20.4","0.0"
"Calgary Int'L CS","17-March-2018","-3.9","0.7","-1.3","87.3","8.1","19.8","0.0"
"Calgary Int'L CS","18-March-2018","-4.6","-0.4","-2.9","87.6","13.2","19.0","0.0"
"Calgary Int'L CS","19-March-2018","-7.6","5.4","-2.2","71.6","6.5","18.5","0.0"
"Calgary Int'L CS","20-March-2018","-7.2","5.9","0.2","62.7","7.9","18.3","0.0"
"Calgary Int'L CS","21-March-2018","-5.3","3.0","-1.0","69.4","6.8","18.5","0.0"
"Calgary Int'L CS","22-March-2018","-7.8","-1.8","-5.1","91.3","7.6","18.9","0.0"
"Calgary Int'L CS","23-March-2018","-9.6","5.6","-0.3","58.2","15.7","19.7","0.0"
"Calgary Int'L CS","24-March-2018","-5.8","2.3","-1.8","67.2","9.7","19.9","0.0"
"Calgary Int'L CS","25-March-2018","-10.1","4.2","-2.2","54.6","11.8","18.1","0.0"
"Calgary Int'L CS","26-March-2018","-5.7","5.5","1.0","41.5","17.7","17.7","0.0"
"Calgary Int'L CS","27-March-2018","-1.7","8.3","3.0","60.3","18.9","16.8","0.0"
"Calgary Int'L CS","28-March-2018","-3.9","2.7","-0.6","76.1","8.9","16.9","0.0"
"Calgary Int'L CS","29-March-2018","-8.6","-2.6","-6.3","89.2","11.7","16.6","0.0"
"Calgary Int'L CS","30-March-2018","-13.0","-8.0","-10.6","86.2","15.0","16.1","0.0"
"Calgary Int'L CS","31-March-2018","-20.0","-9.9","-13.7","75.0","10.0","16.2","0.0"
"Calgary Int'L CS","01-April-2018","-16.1","-7.1","-11.2","70.8","8.3","17.1","0.0"
"Calgary Int'L CS","02-April-2018","-12.6","-5.9","-9.5","59.3","10.0","17.4","0.0"
"Calgary Int'L CS","03-April-2018","-15.8","-5.4","-9.8","69.0","8.3","17.4","0.0"
"Calgary Int'L CS","04-April-2018","-12.8","-0.2","-8.7","75.9","15.5","17.1","0.0"
"Calgary Int'L CS","05-April-2018","-13.6","-7.4","-10.2","63.2","14.3","17.0","0.0"
"Calgary Int'L CS","06-April-2018","-16.0","-10.5","-13.1","80.6","22.9","16.2","0.0"
"Calgary Int'L CS","07-April-2018","-15.0","-9.1","-11.8","86.0","12.7","15.8","0.0"
"Calgary Int'L CS","08-April-2018","-9.4","-5.0","-7.2","81.3","10.1","14.8","0.0"
"Calgary Int'L CS","09-April-2018","-6.9","5.1","-0.4","70.5","8.1","15.0","0.0"
"Calgary Int'L CS","10-April-2018","-4.3","8.4","2.5","64.7","7.4","15.2","0.0"
"Calgary Int'L CS","11-April-2018","-6.3","7.3","0.8","77.8","11.5","14.5","0.0"
"Calgary Int'L CS","12-April-2018","-3.9","-1.9","-3.2","94.5","15.0","14.5","0.0"
"Calgary Int'L CS","13-April-2018","-3.7","7.6","0.6","77.3","12.4","14.5","0.0"
"Calgary Int'L CS","14-April-2018","-4.4","10.4","3.0","64.0","8.3","14.9","0.0"
"Calgary Int'L CS","15-April-2018","-2.5","8.3","2.2","71.8","12.1","15.4","0.0"
"Calgary Int'L CS","16-April-2018","-1.6","1.2","-0.1","87.3","18.1","14.1","0.0"
"Calgary Int'L CS","17-April-2018","-5.2","3.6","-0.5","83.1","7.7","12.8","0.0"
"Calgary Int'L CS","18-April-2018","-4.7","8.4","2.4","57.0","12.5","13.3","0.0"
"Calgary Int'L CS","19-April-2018","-5.6","9.8","3.2","63.1","9.9","12.8","0.0"
"Calgary Int'L CS","20-April-2018","-1.1","12.5","6.5","47.0","11.6","11.6","0.0"
"Calgary Int'L CS","21-April-2018","1.4","14.8","7.1","47.0","17.9","10.7","0.0"
"Calgary Int'L CS","22-April-2018","-0.4","11.5","5.6","38.5","15.1","11.2","0.0"
"Calgary Int'L CS","23-April-2018","-1.8","13.2","6.4","46.7","13.3","11.8","0.0"
"Calgary Int'L CS","24-April-2018","-1.2","21.0","10.8","31.9","9.8","11.9","0.0"
"Calgary Int'L CS","25-April-2018","3.3","14.6","9.0","42.0","17.5","12.1","0.0"
"Calgary Int'L CS","26-April-2018","0.8","21.3","11.9","41.4","7.8","12.0","0.0"
"Calgary Int'L CS","27-April-2018","2.5","22.9","13.4","43.9","17.6","11.1","0.0"
"Calgary Int'L CS","28-April-2018","1.2","26.3","16.0","33.8","9.3","11.6","0.0"
"Calgary Int'L CS","29-April-2018","2.1","17.6","7.1","73.7","26.8","11.8","0.0"
"Calgary Int'L CS","30-April-2018","1.6","13.2","6.5","71.3","7.7","12.2","0.0"
"Calgary Int'L CS","01-May-2018","4.6","13.2","8.4","50.0","19.6","11.4","0.0"
"Calgary Int'L CS","02-May-2018","-1.0","20.3","11.0","42.5","14.5","10.6","0.0"
"Calgary Int'L CS","03-May-2018","2.0","22.1","13.4","35.6","17.2","11.1","0.0"
"Calgary Int'L CS","04-May-2018","7.0","21.2","14.8","40.7","13.2","10.3","0.0"
"Calgary Int'L CS","05-May-2018","4.9","20.8","13.0","51.8","7.6","10.3","0.0"
"Calgary Int'L CS","06-May-2018","4.1","24.1","15.0","42.5","6.4","10.3","0.0"
"Calgary Int'L CS","07-May-2018","8.4","23.9","17.0","34.2","14.5","10.7","0.0"
"Calgary Int'L CS","08-May-2018","12.2","23.0","16.9","38.4","19.1","10.0","0.0"
"Calgary Int'L CS","09-May-2018","4.5","13.8","7.4","66.8","14.7","10.5","0.0"
"Calgary Int'L CS","10-May-2018","2.3","10.0","5.7","81.6","10.2","10.7","0.0"
"Calgary Int'L CS","11-May-2018","3.3","16.6","8.6","67.3","16.4","9.6","0.0"
"Calgary Int'L CS","12-May-2018","2.8","22.1","13.8","44.0","7.9","8.2","0.1"
"Calgary Int'L CS","13-May-2018","7.5","23.4","16.5","34.8","15.7","8.3","0.0"
"Calgary Int'L CS","14-May-2018","7.2","27.8","18.2","31.8","11.2","7.5","0.0"
"Calgary Int'L CS","15-May-2018","10.7","28.4","21.5","24.2","10.5","7.5","0.1"
"Calgary Int'L CS","16-May-2018","12.3","25.3","18.8","34.0","26.2","7.3","0.1"
"Calgary Int'L CS","17-May-2018","6.1","12.3","8.2","85.3","22.9","7.5","0.1"
"Calgary Int'L CS","18-May-2018","5.7","15.4","9.2","64.9","13.3","7.7","0.1"
"Calgary Int'L CS","19-May-2018","4.1","16.6","10.7","57.2","24.4","8.0","0.0"
"Calgary Int'L CS","20-May-2018","3.3","24.4","14.1","54.2","13.6","8.6","0.0"
"Calgary Int'L CS","21-May-2018","8.8","23.2","16.6","41.2","11.0","8.7","0.0"
"Calgary Int'L CS","22-May-2018","9.2","25.8","17.8","44.3","9.9","8.6","0.0"
"Calgary Int'L CS","23-May-2018","8.2","26.8","18.7","40.5","10.4","7.5","0.1"
"Calgary Int'L CS","24-May-2018","10.9","27.2","20.2","37.1","15.4","7.7","0.1"
"Calgary Int'L CS","25-May-2018","8.0","27.5","19.1","41.8","7.7","6.8","0.0"
"Calgary Int'L CS","26-May-2018","9.4","23.1","16.9","44.4","17.2","7.2","0.0"
"Calgary Int'L CS","27-May-2018","8.3","24.6","17.3","40.5","13.3","6.7","0.0"
"Calgary Int'L CS","28-May-2018","9.5","29.3","20.7","32.7","12.4","6.4","0.1"
"Calgary Int'L CS","29-May-2018","8.3","17.3","11.6","51.1","19.2","6.5","0.0"
"Calgary Int'L CS","30-May-2018","6.3","16.0","9.9","65.3","13.4","5.9","0.0"
"Calgary Int'L CS","31-May-2018","5.8","8.1","6.8","89.4","10.6","5.3","0.0"
"Calgary Int'L CS","01-June-2018","6.0","15.4","9.4","81.6","7.9","5.2","0.0"
"Calgary Int'L CS","02-June-2018","3.3","21.0","13.4","51.5","15.0","5.3","0.1"
"Calgary Int'L CS","03-June-2018","4.6","23.4","15.0","51.7","15.0","5.3","0.0"
"Calgary Int'L CS","04-June-2018","6.3","19.6","15.6","47.3","17.4","5.1","0.0"
"Calgary Int'L CS","05-June-2018","2.8","19.8","11.7","45.2","10.1","5.0","0.0"
"Calgary Int'L CS","06-June-2018","4.0","23.2","16.0","32.7","10.6","6.2","0.1"
"Calgary Int'L CS","07-June-2018","7.7","25.9","17.9","34.7","9.2","6.2","0.2"
"Calgary Int'L CS","08-June-2018","9.8","27.3","20.2","31.3","12.8","5.9","0.3"
"Calgary Int'L CS","09-June-2018","12.5","26.2","18.7","41.5","16.6","5.8","0.1"
"Calgary Int'L CS","10-June-2018","5.2","12.8","9.0","80.0","18.2","5.8","0.0"
"Calgary Int'L CS","11-June-2018","5.0","17.0","11.0","42.3","24.9","5.4","0.0"
"Calgary Int'L CS","12-June-2018","8.5","19.6","14.4","24.6","26.9","5.4","0.1"
"Calgary Int'L CS","13-June-2018","10.4","22.3","16.2","32.0","13.9","4.7","0.1"
"Calgary Int'L CS","14-June-2018","7.5","12.9","10.3","74.5","17.4","5.7","0.0"
"Calgary Int'L CS","15-June-2018","4.9","17.1","11.6","66.5","10.0","5.9","0.0"
"Calgary Int'L CS","16-June-2018","8.9","15.8","11.2","79.0","18.4","5.2","0.0"
"Calgary Int'L CS","17-June-2018","3.9","21.4","13.9","56.8","9.0","5.2","0.0"
"Calgary Int'L CS","18-June-2018","6.7","21.7","15.5","54.6","9.1","5.3","0.1"
"Calgary Int'L CS","19-June-2018","8.0","24.4","17.4","47.2","10.6","4.7","0.0"
"Calgary Int'L CS","20-June-2018","9.1","26.3","18.7","51.1","15.8","4.2","0.1"
"Calgary Int'L CS","21-June-2018","10.5","25.9","18.6","56.1","11.1","3.7","0.1"
"Calgary Int'L CS","22-June-2018","9.6","24.2","16.0","69.4","13.7","3.7","0.1"
"Calgary Int'L CS","23-June-2018","12.5","20.6","15.2","82.1","20.8","3.8","0.0"
"Calgary Int'L CS","24-June-2018","10.9","24.9","19.0","60.3","10.0","4.3","0.0"
"Calgary Int'L CS","25-June-2018","11.6","27.4","19.6","47.8","21.4","3.6","0.2"
"Calgary Int'L CS","26-June-2018","8.6","20.0","15.1","29.0","28.4","3.8","0.5"
"Calgary Int'L CS","27-June-2018","6.9","23.2","16.2","31.5","18.2","3.4","0.4"
"Calgary Int'L CS","28-June-2018","9.3","19.2","13.8","57.6","12.1","3.0","0.4"
"Calgary Int'L CS","29-June-2018","9.3","19.1","13.2","69.4","9.8","3.1","0.3"
"Calgary Int'L CS","30-June-2018","6.2","21.5","14.3","57.8","10.3","3.1","0.3"
"Calgary Int'L CS","01-July-2018","7.6","21.2","13.7","60.2","11.0","2.8","0.2"
"Calgary Int'L CS","02-July-2018","5.6","15.7","10.3","75.5","13.2","3.2","0.3"
"Calgary Int'L CS","03-July-2018","8.0","15.6","10.7","72.7","21.6","2.9","0.6"
"Calgary Int'L CS","04-July-2018","9.2","19.2","13.4","69.6","14.3","3.1","0.4"
"Calgary Int'L CS","05-July-2018","8.3","25.6","17.7","59.4","19.8","3.5","0.3"
"Calgary Int'L CS","06-July-2018","12.1","32.9","23.1","46.3","13.3","3.1","0.4"
"Calgary Int'L CS","07-July-2018","10.7","24.6","18.9","44.1","16.9","2.7","0.3"
"Calgary Int'L CS","08-July-2018","6.2","24.2","16.4","53.0","11.6","2.2","0.5"
"Calgary Int'L CS","09-July-2018","8.9","27.7","19.4","48.2","10.0","2.0","0.8"
"Calgary Int'L CS","10-July-2018","9.6","21.6","15.8","69.2","10.2","2.5","0.6"
"Calgary Int'L CS","11-July-2018","12.0","25.2","18.9","47.0","12.6","2.4","0.5"
"Calgary Int'L CS","12-July-2018","9.3","26.5","18.9","51.9","9.6","1.6","0.7"
"Calgary Int'L CS","13-July-2018","9.7","31.6","20.0","54.9","15.2","1.9","0.8"
"Calgary Int'L CS","14-July-2018","7.7","21.0","14.2","57.6","19.0","2.4","0.5"
"Calgary Int'L CS","15-July-2018","6.3","25.9","17.2","43.9","9.7","2.7","0.5"
"Calgary Int'L CS","16-July-2018","9.5","30.2","21.1","37.8","9.9","2.6","0.6"
"Calgary Int'L CS","17-July-2018","12.1","30.9","23.0","40.2","9.9","2.3","0.8"
"Calgary Int'L CS","18-July-2018","13.6","24.4","18.3","67.0","15.1","2.1","0.9"
"Calgary Int'L CS","19-July-2018","11.7","26.0","18.8","60.4","11.7","2.2","0.6"
"Calgary Int'L CS","20-July-2018","9.8","29.6","18.4","61.6","15.6","1.9","0.4"
"Calgary Int'L CS","21-July-2018","7.3","24.0","15.1","54.0","16.0","1.7","0.5"
"Calgary Int'L CS","22-July-2018","9.7","22.6","16.2","50.7","20.2","1.5","0.7"
"Calgary Int'L CS","23-July-2018","9.0","22.7","14.7","69.0","12.7","1.3","0.8"
"Calgary Int'L CS","24-July-2018","11.3","15.3","13.0","85.2","10.2","1.9","0.5"
"Calgary Int'L CS","25-July-2018","8.2","21.8","15.6","67.7","8.6","2.0","0.7"
"Calgary Int'L CS","26-July-2018","10.0","24.3","15.9","64.3","11.1","1.6","0.4"
"Calgary Int'L CS","27-July-2018","8.9","22.4","15.7","63.6","7.6","1.6","0.8"
"Calgary Int'L CS","28-July-2018","7.4","25.4","17.5","53.0","5.4","1.2","0.8"
"Calgary Int'L CS","29-July-2018","9.3","28.5","19.7","45.2","7.3","1.2","1.0"
"Calgary Int'L CS","30-July-2018","10.4","32.1","20.7","50.2","12.0","1.4","1.0"
"Calgary Int'L CS","31-July-2018","10.9","25.9","19.2","66.8","13.8","1.8","0.8"
"Calgary Int'L CS","01-August-2018","13.2","29.1","20.1","63.6","13.8","2.0","0.8"
"Calgary Int'L CS","02-August-2018","12.4","22.5","17.3","68.0","9.7","1.9","0.7"
"Calgary Int'L CS","03-August-2018","10.7","24.6","17.1","56.7","11.0","2.2","0.6"
"Calgary Int'L CS","04-August-2018","13.1","17.4","14.7","72.9","12.2","2.0","0.4"
"Calgary Int'L CS","05-August-2018","10.5","23.5","17.2","63.5","6.1","1.7","0.8"
"Calgary Int'L CS","06-August-2018","9.9","29.0","20.7","43.7","11.7","1.7","0.7"
"Calgary Int'L CS","07-August-2018","15.7","28.9","22.6","34.2","10.6","1.9","0.7"
"Calgary Int'L CS","08-August-2018","9.6","29.7","20.4","46.0","10.1","2.7","0.5"
"Calgary Int'L CS","09-August-2018","12.0","34.1","23.7","37.8","9.0","2.1","0.7"
"Calgary Int'L CS","10-August-2018","14.4","36.7","25.9","33.2","7.3","2.8","0.5"
"Calgary Int'L CS","11-August-2018","13.7","23.7","19.5","51.0","20.7","2.7","0.4"
"Calgary Int'L CS","12-August-2018","8.2","19.2","12.3","74.2","15.6","2.6","0.4"
"Calgary Int'L CS","13-August-2018","8.0","20.8","13.7","59.2","10.9","2.2","0.8"
"Calgary Int'L CS","14-August-2018","8.0","29.5","19.5","43.4","8.2","2.1","0.5"
"Calgary Int'L CS","15-August-2018","12.2","25.1","18.6","47.1","8.6","3.0","0.5"
"Calgary Int'L CS","16-August-2018","8.4","28.4","18.3","58.2","10.2","2.9","0.5"
"Calgary Int'L CS","17-August-2018","9.5","28.4","19.1","48.9","8.4","2.7","0.7"
"Calgary Int'L CS","18-August-2018","7.6","19.2","14.6","52.7","16.4","2.3","1.1"
"Calgary Int'L CS","19-August-2018","3.7","19.2","11.9","57.4","6.1","2.4","0.3"
"Calgary Int'L CS","20-August-2018","10.2","19.4","14.1","58.1","9.8","2.4","0.2"
"Calgary Int'L CS","21-August-2018","4.9","26.2","16.8","42.1","8.9","2.8","0.5"
"Calgary Int'L CS","22-August-2018","8.0","31.8","20.6","34.3","7.1","3.2","0.3"
"Calgary Int'L CS","23-August-2018","9.4","27.9","18.8","43.2","9.2","3.1","0.2"
"Calgary Int'L CS","24-August-2018","7.0","16.0","10.9","83.0","19.3","3.8","0.3"
"Calgary Int'L CS","25-August-2018","4.7","19.7","12.7","60.7","7.0","3.4","0.2"
"Calgary Int'L CS","26-August-2018","7.4","20.1","12.5","63.6","11.8","3.1","0.2"
"Calgary Int'L CS","27-August-2018","5.1","13.6","8.3","68.8","25.5","3.0","0.3"
"Calgary Int'L CS","28-August-2018","3.2","21.5","12.4","55.0","11.2","3.3","0.4"
"Calgary Int'L CS","29-August-2018","10.0","21.1","15.1","54.2","9.8","3.5","0.5"
"Calgary Int'L CS","30-August-2018","7.5","20.8","14.0","56.6","15.4","4.1","0.4"
"Calgary Int'L CS","31-August-2018","4.0","20.6","12.9","50.7","18.1","4.5","0.3"
"Calgary Int'L CS","01-September-2018","6.5","16.6","11.7","55.1","13.5","4.3","0.1"
"Calgary Int'L CS","02-September-2018","4.1","20.9","12.2","51.4","9.5","4.5","0.2"
"Calgary Int'L CS","03-September-2018","6.6","15.0","10.2","63.3","20.4","4.6","0.1"
"Calgary Int'L CS","04-September-2018","5.0","14.5","8.7","68.3","12.3","5.5","0.2"
"Calgary Int'L CS","05-September-2018","0.6","20.9","11.5","56.8","12.0","5.9","0.3"
"Calgary Int'L CS","06-September-2018","2.7","25.2","14.6","50.1","9.2","5.9","0.1"
"Calgary Int'L CS","07-September-2018","5.7","27.9","17.3","45.9","6.7","5.2","0.3"
"Calgary Int'L CS","08-September-2018","7.3","22.5","15.7","46.6","14.0","5.5","0.1"
"Calgary Int'L CS","09-September-2018","8.6","16.0","11.8","65.9","8.7","6.5","0.1"
"Calgary Int'L CS","10-September-2018","4.1","18.0","10.3","73.2","11.2","6.1","0.0"
"Calgary Int'L CS","11-September-2018","3.5","17.7","9.5","71.2","8.5","5.9","0.0"
"Calgary Int'L CS","12-September-2018","0.0","8.1","4.9","80.9","19.8","6.8","0.1"
"Calgary Int'L CS","13-September-2018","-2.2","2.6","-0.4","77.0","13.4","7.7","0.0"
"Calgary Int'L CS","14-September-2018","-2.1","4.0","0.5","85.8","10.4","7.1","0.0"
"Calgary Int'L CS","15-September-2018","1.7","4.9","3.2","91.6","13.9","6.8","0.0"
"Calgary Int'L CS","16-September-2018","0.5","4.5","2.4","90.3","9.7","6.9","0.1"
"Calgary Int'L CS","17-September-2018","1.5","11.9","5.1","80.4","8.5","7.7","0.0"
"Calgary Int'L CS","18-September-2018","2.7","6.7","4.3","86.2","7.6","8.0","0.0"
"Calgary Int'L CS","19-September-2018","2.8","10.9","5.9","80.3","9.7","7.9","0.0"
"Calgary Int'L CS","20-September-2018","0.2","9.8","5.2","86.0","11.9","8.9","0.0"
"Calgary Int'L CS","21-September-2018","-0.4","5.7","3.2","94.1","14.7","9.2","0.0"
"Calgary Int'L CS","22-September-2018","-1.8","1.6","-0.2","93.0","9.7","7.9","0.1"
"Calgary Int'L CS","23-September-2018","-0.3","7.3","2.9","89.8","6.5","7.1","0.3"
"Calgary Int'L CS","24-September-2018","4.0","13.1","6.9","75.8","14.9","6.6","0.2"
"Calgary Int'L CS","25-September-2018","2.6","16.8","9.9","53.5","11.3","6.4","0.1"
"Calgary Int'L CS","26-September-2018","5.0","14.4","10.0","60.2","11.8","7.3","0.0"
"Calgary Int'L CS","27-September-2018","0.7","5.0","3.2","89.0","10.2","7.9","0.0"
"Calgary Int'L CS","28-September-2018","-0.8","7.4","3.2","79.5","7.6","8.0","0.0"
"Calgary Int'L CS","29-September-2018","-1.4","3.5","0.9","73.6","14.8","8.2","0.0"
"Calgary Int'L CS","30-September-2018","-3.4","0.2","-1.9","76.2","19.2","9.5","0.0"
"Calgary Int'L CS","01-October-2018","-2.2","0.5","-1.2","90.3","9.1","10.4","0.0"
"Calgary Int'L CS","02-October-2018","-4.4","-1.8","-2.9","94.8","13.4","11.4","0.0"
"Calgary Int'L CS","03-October-2018","-10.8","1.3","-3.3","81.7","9.0","12.0","0.0"
"Calgary Int'L CS","04-October-2018","-6.5","1.0","-2.2","82.2","8.4","11.3","0.0"
"Calgary Int'L CS","05-October-2018","-7.6","7.6","-0.9","72.4","4.5","11.0","0.0"
"Calgary Int'L CS","06-October-2018","-5.5","9.5","1.5","64.0","5.5","9.8","0.0"
"Calgary Int'L CS","07-October-2018","-5.1","11.7","2.0","66.0","6.4","10.3","0.0"
"Calgary Int'L CS","08-October-2018","-3.1","0.6","-1.8","89.1","15.0","11.7","0.0"
"Calgary Int'L CS","09-October-2018","-4.7","-3.0","-3.9","89.4","11.2","12.0","0.0"
"Calgary Int'L CS","10-October-2018","-4.0","-0.4","-2.2","90.4","13.7","11.5","0.0"
"Calgary Int'L CS","11-October-2018","-1.7","4.2","0.6","78.6","9.7","13.3","0.0"
"Calgary Int'L CS","12-October-2018","-0.9","13.8","5.5","63.8","27.4","13.4","0.0"
"Calgary Int'L CS","13-October-2018","-3.2","0.9","-1.4","80.7","16.1","12.8","0.0"
"Calgary Int'L CS","14-October-2018","-6.6","11.6","2.7","57.2","10.3","13.0","0.0"
"Calgary Int'L CS","15-October-2018","2.0","18.0","10.8","39.7","15.2","13.3","0.0"
"Calgary Int'L CS","16-October-2018","-0.1","19.2","9.7","42.6","8.2","12.9","0.0"
"Calgary Int'L CS","17-October-2018","1.6","21.5","11.6","32.5","7.9","13.6","0.0"
"Calgary Int'L CS","18-October-2018","2.4","17.1","11.5","31.4","10.1","13.0","0.0"
"Calgary Int'L CS","19-October-2018","-2.5","14.3","5.4","57.7","7.6","12.3","0.0"
"Calgary Int'L CS","20-October-2018","-0.5","20.7","8.7","51.0","10.8","12.5","0.0"
"Calgary Int'L CS","21-October-2018","-3.0","12.3","3.5","61.9","6.8","13.2","0.0"
"Calgary Int'L CS","22-October-2018","-3.8","13.4","3.4","61.6","10.7","13.5","0.0"
"Calgary Int'L CS","23-October-2018","-4.7","17.9","5.0","58.4","5.0","13.7","0.0"
"Calgary Int'L CS","24-October-2018","1.5","16.8","8.2","55.2","11.7","14.2","0.0"
"Calgary Int'L CS","25-October-2018","-1.6","15.5","7.6","47.4","13.4","15.1","0.0"
"Calgary Int'L CS","26-October-2018","-3.0","16.6","7.2","57.8","13.2","14.8","0.0"
"Calgary Int'L CS","27-October-2018","-1.2","13.1","5.8","47.8","16.2","15.3","0.0"
"Calgary Int'L CS","28-October-2018","-1.5","12.9","5.1","53.2","13.0","17.3","0.0"
"Calgary Int'L CS","29-October-2018","-2.3","11.7","4.7","49.5","9.5","17.9","0.0"
"Calgary Int'L CS","30-October-2018","-3.3","12.4","5.3","40.1","15.8","17.3","0.0"
"Calgary Int'L CS","31-October-2018","-0.4","11.5","5.4","41.5","14.1","16.8","0.0"
"Calgary Int'L CS","01-November-2018","1.2","6.0","2.6","66.2","20.7","17.4","0.0"
"Calgary Int'L CS","02-November-2018","-0.6","2.1","0.5","87.8","14.4","17.5","0.0"
"Calgary Int'L CS","03-November-2018","-3.4","12.6","4.1","65.6","12.1","17.2","0.0"
"Calgary Int'L CS","04-November-2018","-2.9","13.2","4.8","63.1","18.0","18.0","0.0"
"Calgary Int'L CS","05-November-2018","-8.2","-2.9","-5.6","78.8","17.2","18.6","0.0"
"Calgary Int'L CS","06-November-2018","-10.1","-6.8","-8.7","85.3","6.3","19.0","0.0"
"Calgary Int'L CS","07-November-2018","-12.0","-4.0","-8.0","74.0","8.4","18.6","0.0"
"Calgary Int'L CS","08-November-2018","-15.1","-1.0","-8.8","70.4","8.4","18.5","0.0"
"Calgary Int'L CS","09-November-2018","-11.3","8.0","-1.6","73.6","15.0","19.8","0.0"
"Calgary Int'L CS","10-November-2018","-3.7","2.5","-0.6","73.2","19.4","20.9","0.0"
"Calgary Int'L CS","11-November-2018","-7.3","-1.2","-3.6","85.5","11.1","20.5","0.0"
"Calgary Int'L CS","12-November-2018","-9.1","8.4","-1.5","70.5","8.9","18.1","0.0"
"Calgary Int'L CS","13-November-2018","-2.1","14.2","7.4","38.6","15.0","17.4","0.0"
"Calgary Int'L CS","14-November-2018","-1.6","11.6","6.8","47.0","18.1","18.9","0.0"
"Calgary Int'L CS","15-November-2018","-3.2","8.9","1.9","62.9","6.8","17.9","0.0"
"Calgary Int'L CS","16-November-2018","-14.9","2.2","-8.5","85.2","19.9","19.6","0.0"
"Calgary Int'L CS","17-November-2018","-16.7","2.6","-8.7","71.0","7.5","20.6","0.0"
"Calgary Int'L CS","18-November-2018","-4.8","5.5","2.5","68.5","14.0","20.7","0.0"
"Calgary Int'L CS","19-November-2018","-3.4","11.4","2.8","69.5","7.2","21.5","0.0"
"Calgary Int'L CS","20-November-2018","-1.5","13.4","6.3","42.1","13.5","21.2","0.0"
"Calgary Int'L CS","21-November-2018","-2.7","8.2","3.1","44.1","6.5","21.6","0.0"
"Calgary Int'L CS","22-November-2018","-4.0","11.3","3.0","55.8","7.2","22.2","0.0"
"Calgary Int'L CS","23-November-2018","-6.1","0.3","-2.4","87.4","9.8","22.1","0.0"
"Calgary Int'L CS","24-November-2018","-13.3","-3.1","-6.6","90.1","8.0","21.2","0.0"
"Calgary Int'L CS","25-November-2018","-11.4","0.9","-5.2","73.2","6.3","21.0","0.0"
"Calgary Int'L CS","26-November-2018","-11.3","5.2","-0.7","77.9","7.5","21.5","0.0"
"Calgary Int'L CS","27-November-2018","0.2","9.9","6.1","56.7","15.2","21.8","0.0"
"Calgary Int'L CS","28-November-2018","-2.5","8.1","4.0","44.5","13.5","22.8","0.0"
"Calgary Int'L CS","29-November-2018","-7.8","5.9","-0.6","54.8","5.5","22.9","0.0"
"Calgary Int'L CS","30-November-2018","-9.8","2.3","-4.5","74.6","4.0","22.6","0.0"
"Calgary Int'L CS","01-December-2018","-5.2","-2.6","-3.8","86.3","14.4","22.2","0.0"
"Calgary Int'L CS","02-December-2018","-6.3","-2.4","-4.0","86.0","16.4","23.7","0.0"
"Calgary Int'L CS","03-December-2018","-10.6","-2.3","-5.2","78.3","7.7","24.5","0.0"
"Calgary Int'L CS","04-December-2018","-12.5","0.8","-5.1","60.3","13.1","24.6","0.0"
"Calgary Int'L CS","05-December-2018","-14.4","-3.9","-8.7","76.8","16.1","24.6","0.0"
"Calgary Int'L CS","06-December-2018","-19.5","-2.9","-12.0","66.7","5.9","24.6","0.0"
"Calgary Int'L CS","07-December-2018","-17.6","0.7","-8.7","61.5","4.3","25.3","0.0"
"Calgary Int'L CS","08-December-2018","-12.9","1.2","-6.3","52.2","7.3","24.6","0.0"
"Calgary Int'L CS","09-December-2018","-8.7","5.4","0.2","46.2","10.6","23.0","0.0"
"Calgary Int'L CS","10-December-2018","-0.2","5.5","3.2","46.8","17.3","22.8","0.0"
"Calgary Int'L CS","11-December-2018","-8.1","4.3","-1.6","53.8","9.6","23.1","0.0"
"Calgary Int'L CS","12-December-2018","-4.6","3.6","-0.3","51.1","17.4","23.2","0.0"
"Calgary Int'L CS","13-December-2018","-5.7","6.5","-0.9","54.1","9.4","24.5","0.0"
"Calgary Int'L CS","14-December-2018","-6.5","8.9","3.2","47.5","13.2","24.4","0.0"
"Calgary Int'L CS","15-December-2018","-8.0","6.7","0.0","58.2","15.5","23.6","0.0"
"Calgary Int'L CS","16-December-2018","-6.8","2.9","-3.2","71.4","10.1","23.6","0.0"
"Calgary Int'L CS","17-December-2018","-6.8","7.5","0.9","60.6","14.3","22.8","0.0"
"Calgary Int'L CS","18-December-2018","-4.6","6.3","1.9","57.0","12.2","23.7","0.0"
"Calgary Int'L CS","19-December-2018","-2.7","6.1","2.1","44.5","14.6","23.6","0.0"
"Calgary Int'L CS","20-December-2018","-3.5","8.4","2.1","55.6","18.0","23.8","0.0"
"Calgary Int'L CS","21-December-2018","-3.5","4.7","0.8","49.0","20.3","25.5","0.0"
"Calgary Int'L CS","22-December-2018","-10.2","-2.5","-6.4","58.4","11.4","26.5","0.0"
"Calgary Int'L CS","23-December-2018","-7.8","2.7","-3.4","60.2","11.4","25.3","0.0"
"Calgary Int'L CS","24-December-2018","-13.3","-3.6","-8.4","79.6","6.7","23.6","0.0"
"Calgary Int'L CS","25-December-2018","-10.3","-2.1","-6.0","85.0","7.3","24.0","0.0"
"Calgary Int'L CS","26-December-2018","-8.9","-4.0","-7.5","91.6","9.1","24.4","0.0"
"Calgary Int'L CS","27-December-2018","-9.8","-5.8","-7.7","87.0","8.0","24.8","0.0"
"Calgary Int'L CS","28-December-2018","-13.8","1.7","-5.8","61.7","9.5","26.5","0.0"
"Calgary Int'L CS","29-December-2018","-4.2","8.7","1.0","55.0","13.0","27.3","0.0"
"Calgary Int'L CS","30-December-2018","-13.8","3.5","-7.0","78.2","24.3","28.1","0.0"
"Calgary Int'L CS","31-December-2018","-15.2","-8.2","-12.4","73.6","10.4","27.5","0.0"
"Calgary Int'L CS","01-January-2019","-12.2","5.7","0.6","50.0","13.0","26.9","0.0"
"Calgary Int'L CS","02-January-2019","4.9","10.3","7.5","43.6","23.9","25.9","0.0"
"Calgary Int'L CS","03-January-2019","-2.4","9.7","4.1","58.0","10.9","26.0","0.0"
"Calgary Int'L CS","04-January-2019","-6.5","8.8","1.1","66.0","18.7","26.2","0.0"
"Calgary Int'L CS","05-January-2019","-10.0","-5.0","-7.6","92.1","5.6","27.2","0.0"
"Calgary Int'L CS","06-January-2019","-7.2","5.1","-3.3","80.1","11.1","25.9","0.0"
"Calgary Int'L CS","07-January-2019","-13.3","-6.0","-8.8","78.2","8.8","25.8","0.0"
"Calgary Int'L CS","08-January-2019","-15.0","-6.4","-9.7","63.8","12.6","25.8","0.0"
"Calgary Int'L CS","09-January-2019","-11.7","-4.9","-8.6","75.9","9.2","27.0","0.0"
"Calgary Int'L CS","10-January-2019","-11.9","9.9","-4.4","71.2","8.4","26.9","0.0"
"Calgary Int'L CS","11-January-2019","-10.3","7.4","-1.9","63.0","7.4","27.5","0.0"
"Calgary Int'L CS","12-January-2019","-4.4","9.4","3.6","40.3","7.8","26.5","0.0"
"Calgary Int'L CS","13-January-2019","-6.2","10.1","-0.2","48.4","7.8","25.8","0.0"
"Calgary Int'L CS","14-January-2019","-8.3","9.7","-1.7","60.6","6.0","25.7","0.0"
"Calgary Int'L CS","15-January-2019","-10.3","-2.8","-6.4","88.1","8.6","25.5","0.0"
"Calgary Int'L CS","16-January-2019","-8.2","-5.7","-6.6","92.7","4.2","25.9","0.0"
"Calgary Int'L CS","17-January-2019","-16.8","-8.2","-13.9","87.1","7.3","25.2","0.0"
"Calgary Int'L CS","18-January-2019","-18.0","-13.9","-16.4","85.0","12.3","23.6","0.0"
"Calgary Int'L CS","19-January-2019","-18.6","2.0","-9.7","73.8","12.4","22.6","0.0"
"Calgary Int'L CS","20-January-2019","-10.8","3.2","-2.9","54.3","7.0","23.5","0.0"
"Calgary Int'L CS","21-January-2019","-10.8","0.1","-6.0","64.8","6.8","23.4","0.0"
"Calgary Int'L CS","22-January-2019","-11.6","3.3","-1.7","47.8","21.6","23.4","0.0"
"Calgary Int'L CS","23-January-2019","-17.1","1.0","-9.0","77.6","15.3","24.1","0.0"
"Calgary Int'L CS","24-January-2019","-19.2","0.7","-8.0","74.5","9.8","24.2","0.0"
"Calgary Int'L CS","25-January-2019","-7.4","2.9","-1.3","72.2","9.9","24.0","0.0"
"Calgary Int'L CS","26-January-2019","-6.8","11.8","4.1","53.9","13.5","24.5","0.0"
"Calgary Int'L CS","27-January-2019","-5.7","10.1","1.6","64.7","31.6","24.3","0.0"
"Calgary Int'L CS","28-January-2019","-10.9","-1.6","-6.3","63.6","13.2","25.2","0.0"
"Calgary Int'L CS","29-January-2019","-15.0","-1.3","-8.6","70.1","7.1","23.7","0.0"
"Calgary Int'L CS","30-January-2019","-11.1","6.8","-1.2","60.4","6.0","22.0","0.0"
"Calgary Int'L CS","31-January-2019","-6.0","8.8","-0.5","73.3","7.5","23.0","0.0"
"Calgary Int'L CS","01-February-2019","-16.9","-2.9","-12.3","88.0","14.3","23.0","0.0"
"Calgary Int'L CS","02-February-2019","-22.4","-16.7","-19.4","80.2","17.1","23.5","0.0"
"Calgary Int'L CS","03-February-2019","-27.9","-22.2","-26.2","67.0","16.6","23.6","0.0"
"Calgary Int'L CS","04-February-2019","-27.8","-25.0","-26.7","65.4","8.3","23.1","0.0"
"Calgary Int'L CS","05-February-2019","-29.3","-21.4","-25.8","71.1","9.8","23.5","0.0"
"Calgary Int'L CS","06-February-2019","-26.9","-15.6","-22.3","71.0","7.0","25.0","0.0"
"Calgary Int'L CS","07-February-2019","-26.0","-11.6","-18.7","73.4","6.9","24.6","0.0"
"Calgary Int'L CS","08-February-2019","-24.0","-13.2","-18.9","75.5","17.1","25.5","0.0"
"Calgary Int'L CS","09-February-2019","-28.4","-24.0","-26.4","68.8","14.0","26.2","0.0"
"Calgary Int'L CS","10-February-2019","-30.0","-24.1","-26.8","70.3","12.5","26.3","0.0"
"Calgary Int'L CS","11-February-2019","-28.2","-21.3","-23.7","68.6","10.0","25.3","0.0"
"Calgary Int'L CS","12-February-2019","-30.2","-17.0","-22.0","73.3","6.2","22.9","0.0"
"Calgary Int'L CS","13-February-2019","-24.4","-17.1","-20.4","76.4","8.9","21.8","0.0"
"Calgary Int'L CS","14-February-2019","-24.8","-10.7","-19.4","74.5","9.4","23.4","0.0"
"Calgary Int'L CS","15-February-2019","-23.2","-16.9","-19.3","76.9","10.3","22.1","0.0"
"Calgary Int'L CS","16-February-2019","-18.2","-15.2","-16.7","77.3","27.3","23.2","0.0"
"Calgary Int'L CS","17-February-2019","-19.6","-16.5","-17.9","75.6","20.0","23.5","0.0"
"Calgary Int'L CS","18-February-2019","-24.3","-15.5","-19.9","73.7","10.1","23.2","0.0"
"Calgary Int'L CS","19-February-2019","-22.7","-1.3","-8.4","69.7","8.3","22.7","0.0"
"Calgary Int'L CS","20-February-2019","-13.4","-4.6","-6.7","80.8","19.4","23.4","0.0"
"Calgary Int'L CS","21-February-2019","-19.2","-10.0","-14.7","71.2","13.4","23.1","0.0"
"Calgary Int'L CS","22-February-2019","-15.8","-0.4","-6.9","50.6","12.5","24.0","0.0"
"Calgary Int'L CS","23-February-2019","-19.9","-5.0","-14.9","76.8","19.8","24.5","0.0"
"Calgary Int'L CS","24-February-2019","-24.1","-17.5","-19.8","73.2","11.0","25.0","0.0"
"Calgary Int'L CS","25-February-2019","-31.2","-18.3","-24.0","72.2","6.2","25.4","0.0"
"Calgary Int'L CS","26-February-2019","-25.9","-11.1","-19.0","63.0","7.4","24.8","0.0"
"Calgary Int'L CS","27-February-2019","-23.0","-3.3","-12.6","52.0","6.4","23.3","0.0"
"Calgary Int'L CS","28-February-2019","-15.1","-4.5","-8.9","64.8","11.2","23.4","0.0"
"Calgary Int'L CS","01-March-2019","-27.9","-8.7","-19.7","69.8","16.7","24.0","0.0"
"Calgary Int'L CS","02-March-2019","-32.4","-20.6","-26.1","62.8","7.0","23.6","0.0"
"Calgary Int'L CS","03-March-2019","-29.1","-14.3","-21.8","54.7","5.1","23.6","0.0"
"Calgary Int'L CS","04-March-2019","-26.1","-7.8","-17.1","52.5","7.0","24.8","0.0"
"Calgary Int'L CS","05-March-2019","-21.2","-7.4","-14.6","55.2","5.7","25.1","0.0"
"Calgary Int'L CS","06-March-2019","-24.7","-12.4","-17.8","75.6","15.8","25.5","0.0"
"Calgary Int'L CS","07-March-2019","-17.3","-9.2","-13.3","75.6","13.2","24.4","0.0"
"Calgary Int'L CS","08-March-2019","-13.9","-4.9","-8.0","76.1","6.0","23.1","0.0"
"Calgary Int'L CS","09-March-2019","-15.0","-3.8","-6.5","60.8","9.3","21.6","0.0"
"Calgary Int'L CS","10-March-2019","-16.2","1.8","-6.7","55.2","8.8","21.0","0.0"
"Calgary Int'L CS","11-March-2019","-4.0","9.7","4.5","39.8","19.8","19.4","0.0"
"Calgary Int'L CS","12-March-2019","-2.4","4.6","0.6","66.0","13.9","18.2","0.0"
"Calgary Int'L CS","13-March-2019","-6.5","0.9","-2.6","70.1","10.8","18.6","0.0"
"Calgary Int'L CS","14-March-2019","-10.6","1.8","-3.2","56.1","10.8","18.9","0.0"
"Calgary Int'L CS","15-March-2019","-3.8","3.2","-0.0","55.9","15.6","19.5","0.0"
"Calgary Int'L CS","16-March-2019","-9.5","4.4","-1.9","63.1","6.5","20.4","0.0"
"Calgary Int'L CS","17-March-2019","-7.0","10.5","1.7","59.4","7.4","19.8","0.0"
"Calgary Int'L CS","18-March-2019","-2.3","10.9","4.4","46.4","8.0","19.0","0.0"
"Calgary Int'L CS","19-March-2019","-2.5","15.6","5.9","50.7","5.3","18.5","0.0"
"Calgary Int'L CS","20-March-2019","-2.5","16.5","6.1","54.8","5.9","18.3","0.0"
"Calgary Int'L CS","21-March-2019","-2.6","13.0","5.2","65.2","9.5","18.5","0.0"
"Calgary Int'L CS","22-March-2019","-3.7","15.0","5.6","68.4","6.5","18.9","0.0"
"Calgary Int'L CS","23-March-2019","-3.4","10.6","3.0","77.4","13.0","19.7","0.0"
"Calgary Int'L CS","24-March-2019","-1.0","1.5","-0.0","95.2","11.8","19.9","0.0"
"Calgary Int'L CS","25-March-2019","-1.9","9.7","2.0","85.6","12.4","18.1","0.0"
"Calgary Int'L CS","26-March-2019","-0.8","13.4","4.1","74.3","14.1","17.7","0.0"
"Calgary Int'L CS","27-March-2019","-2.8","5.5","1.2","80.8","14.1","16.8","0.0"
"Calgary Int'L CS","28-March-2019","-3.9","7.9","1.3","67.5","13.9","16.9","0.0"
"Calgary Int'L CS","29-March-2019","-4.2","9.8","2.6","58.8","8.3","16.6","0.0"
"Calgary Int'L CS","30-March-2019","-2.9","12.8","5.1","48.9","15.8","16.1","0.0"
"Calgary Int'L CS","31-March-2019","0.3","9.9","3.9","58.6","14.7","16.2","0.0"
"Calgary Int'L CS","01-April-2019","-0.5","8.7","3.3","60.6","16.7","17.1","0.0"
"Calgary Int'L CS","02-April-2019","-4.9","9.7","3.3","54.9","11.7","17.4","0.0"
"Calgary Int'L CS","03-April-2019","-4.6","12.6","4.5","47.9","10.5","17.4","0.0"
"Calgary Int'L CS","04-April-2019","1.0","12.1","6.7","52.0","14.0","17.1","0.0"
"Calgary Int'L CS","05-April-2019","-2.1","10.3","3.9","71.3","15.7","17.0","0.0"
"Calgary Int'L CS","06-April-2019","-0.6","13.3","6.3","48.2","20.8","16.2","0.0"
"Calgary Int'L CS","07-April-2019","-0.5","13.1","6.2","38.0","13.6","15.8","0.0"
"Calgary Int'L CS","08-April-2019","-2.7","12.9","6.3","35.6","11.0","14.8","0.0"
"Calgary Int'L CS","09-April-2019","-5.2","13.2","5.0","41.9","10.1","15.0","0.0"
"Calgary Int'L CS","10-April-2019","1.4","12.1","5.9","54.2","13.9","15.2","0.0"
"Calgary Int'L CS","11-April-2019","0.3","5.4","2.2","85.0","12.7","14.5","0.0"
"Calgary Int'L CS","12-April-2019","-1.5","7.9","1.9","73.8","12.5","14.5","0.0"
"Calgary Int'L CS","13-April-2019","-3.4","11.6","4.8","49.3","9.7","14.5","0.0"
"Calgary Int'L CS","14-April-2019","-1.1","9.7","4.2","54.5","15.7","14.9","0.0"
"Calgary Int'L CS","15-April-2019","-4.8","9.7","3.0","48.9","6.7","15.4","0.0"
"Calgary Int'L CS","16-April-2019","-6.9","12.3","4.5","43.3","8.1","14.1","0.0"
"Calgary Int'L CS","17-April-2019","0.4","15.1","7.5","33.7","15.8","12.8","0.0"
"Calgary Int'L CS","18-April-2019","-0.4","20.4","10.0","43.2","12.6","13.3","0.0"
"Calgary Int'L CS","19-April-2019","2.3","11.0","5.9","70.3","14.2","12.8","0.0"
"Calgary Int'L CS","20-April-2019","-0.2","10.2","5.0","58.8","9.5","11.6","0.0"
"Calgary Int'L CS","21-April-2019","-1.0","16.5","8.3","41.3","10.1","10.7","0.0"
"Calgary Int'L CS","22-April-2019","-2.3","20.1","10.4","32.1","15.2","11.2","0.0"
"Calgary Int'L CS","23-April-2019","1.9","18.1","11.6","35.0","17.0","11.8","0.0"
"Calgary Int'L CS","24-April-2019","-0.3","14.5","6.2","45.7","15.6","11.9","0.0"
"Calgary Int'L CS","25-April-2019","-3.5","12.6","5.5","34.4","9.8","12.1","0.0"
"Calgary Int'L CS","26-April-2019","-0.6","9.7","4.3","44.4","16.7","12.0","0.0"
"Calgary Int'L CS","27-April-2019","-2.6","4.8","0.7","87.2","27.0","11.1","0.0"
"Calgary Int'L CS","28-April-2019","-5.1","2.6","-1.5","71.6","18.4","11.6","0.0"
"Calgary Int'L CS","29-April-2019","-6.3","5.1","-0.4","63.4","7.1","11.8","0.0"
"Calgary Int'L CS","30-April-2019","-5.9","3.5","-0.7","70.2","14.1","12.2","0.0"
"Calgary Int'L CS","01-May-2019","-2.7","7.1","2.0","62.3","13.6","11.4","0.0"
"Calgary Int'L CS","02-May-2019","-0.6","10.9","3.0","71.6","15.6","10.6","0.0"
"Calgary Int'L CS","03-May-2019","-0.6","8.0","2.6","74.6","16.9","11.1","0.0"
"Calgary Int'L CS","04-May-2019","-2.8","-0.2","-1.4","89.3","11.8","10.3","0.0"
"Calgary Int'L CS","05-May-2019","-3.7","2.8","-0.5","82.5","11.2","10.3","0.0"
"Calgary Int'L CS","06-May-2019","-3.7","12.0","4.7","63.3","8.1","10.3","0.0"
"Calgary Int'L CS","07-May-2019","0.5","10.9","5.6","76.3","10.0","10.7","0.0"
"Calgary Int'L CS","08-May-2019","1.4","12.9","6.5","76.3","7.7","10.0","0.0"
"Calgary Int'L CS","09-May-2019","1.7","17.6","10.2","53.4","8.8","10.5","0.0"
"Calgary Int'L CS","10-May-2019","4.9","19.2","13.6","42.8","23.9","10.7","0.0"
"Calgary Int'L CS","11-May-2019","0.4","23.7","13.4","41.6","10.7","9.6","0.0"
"Calgary Int'L CS","12-May-2019","10.7","21.3","16.3","40.4","12.7","8.2","0.1"
"Calgary Int'L CS","13-May-2019","5.4","19.3","13.2","44.8","11.4","8.3","0.0"
"Calgary Int'L CS","14-May-2019","8.2","20.0","13.5","60.0","10.1","7.5","0.0"
"Calgary Int'L CS","15-May-2019","7.8","17.4","11.8","64.5","18.7","7.5","0.1"
"Calgary Int'L CS","16-May-2019","5.5","8.3","6.8","78.1","15.2","7.3","0.1"
"Calgary Int'L CS","17-May-2019","2.5","7.3","4.9","85.7","13.7","7.5","0.1"
"Calgary Int'L CS","18-May-2019","1.9","6.3","3.7","84.4","19.1","7.7","0.1"
"Calgary Int'L CS","19-May-2019","0.8","11.7","5.7","66.1","15.4","8.0","0.0"
"Calgary Int'L CS","20-May-2019","-3.1","9.2","4.9","61.5","13.0","8.6","0.0"
"Calgary Int'L CS","21-May-2019","3.7","7.4","5.7","79.1","7.4","8.7","0.0"
"Calgary Int'L CS","22-May-2019","2.5","18.1","10.5","58.8","7.3","8.6","0.0"
"Calgary Int'L CS","23-May-2019","4.4","21.0","13.4","44.1","10.0","7.5","0.1"
"Calgary Int'L CS","24-May-2019","7.0","17.4","11.1","68.0","16.1","7.7","0.1"
"Calgary Int'L CS","25-May-2019","2.9","12.3","8.5","82.4","15.8","6.8","0.0"
"Calgary Int'L CS","26-May-2019","0.5","16.7","9.6","54.3","7.0","7.2","0.0"
"Calgary Int'L CS","27-May-2019","2.8","19.8","12.6","47.0","10.5","6.7","0.0"
"Calgary Int'L CS","28-May-2019","4.4","22.4","14.5","39.4","8.1","6.4","0.1"
"Calgary Int'L CS","29-May-2019","4.9","26.4","17.3","38.9","7.9","6.5","0.0"
"Calgary Int'L CS","30-May-2019","10.1","24.6","17.4","42.2","20.6","5.9","0.0"
"Calgary Int'L CS","31-May-2019","9.3","21.8","15.1","52.0","10.2","5.3","0.0"
"Calgary Int'L CS","01-June-2019","6.5","27.2","18.0","47.7","8.3","5.2","0.0"
"Calgary Int'L CS","02-June-2019","8.2","25.8","19.2","41.1","12.5","5.3","0.1"
"Calgary Int'L CS","03-June-2019","11.0","24.5","17.5","48.9","17.7","5.3","0.0"
"Calgary Int'L CS","04-June-2019","8.0","23.3","15.0","46.9","18.6","5.1","0.0"
"Calgary Int'L CS","05-June-2019","5.4","22.8","14.6","42.8","12.2","5.0","0.0"
"Calgary Int'L CS","06-June-2019","6.9","18.0","11.5","64.8","15.4","6.2","0.1"
"Calgary Int'L CS","07-June-2019","2.1","8.3","4.4","85.9","23.2","6.2","0.2"
"Calgary Int'L CS","08-June-2019","3.6","13.9","7.9","64.8","12.0","5.9","0.3"
"Calgary Int'L CS","09-June-2019","2.3","19.4","10.6","59.3","10.5","5.8","0.1"
"Calgary Int'L CS","10-June-2019","5.6","19.5","13.1","54.7","11.7","5.8","0.0"
"Calgary Int'L CS","11-June-2019","5.9","21.2","14.4","56.0","8.2","5.4","0.0"
"Calgary Int'L CS","12-June-2019","8.0","25.1","18.0","45.7","7.6","5.4","0.1"
"Calgary Int'L CS","13-June-2019","11.0","27.4","18.0","57.1","14.4","4.7","0.1"
"Calgary Int'L CS","14-June-2019","11.2","18.9","14.3","69.7","17.3","5.7","0.0"
"Calgary Int'L CS","15-June-2019","10.4","21.1","15.4","53.6","13.3","5.9","0.0"
"Calgary Int'L CS","16-June-2019","6.5","22.2","15.5","56.9","10.1","5.2","0.0"
"Calgary Int'L CS","17-June-2019","7.3","24.4","15.9","61.0","14.5","5.2","0.0"
"Calgary Int'L CS","18-June-2019","9.9","20.9","15.6","65.9","14.3","5.3","0.1"
"Calgary Int'L CS","19-June-2019","7.1","15.7","10.2","72.7","23.8","4.7","0.0"
"Calgary Int'L CS","20-June-2019","5.8","12.4","7.9","74.2","20.5","4.2","0.1"
"Calgary Int'L CS","21-June-2019","5.3","12.0","8.9","87.4","22.8","3.7","0.1"
"Calgary Int'L CS","22-June-2019","7.6","19.7","13.2","63.8","21.2","3.7","0.1"
"Calgary Int'L CS","23-June-2019","10.0","17.9","12.9","71.2","11.9","3.8","0.0"
"Calgary Int'L CS","24-June-2019","8.5","18.4","13.0","60.0","12.8","4.3","0.0"
"Calgary Int'L CS","25-June-2019","7.4","18.3","12.7","63.7","13.5","3.6","0.2"
"Calgary Int'L CS","26-June-2019","7.0","20.7","14.5","61.6","9.7","3.8","0.5"
"Calgary Int'L CS","27-June-2019","8.1","16.3","12.6","85.5","13.0","3.4","0.4"
"Calgary Int'L CS","28-June-2019","4.5","21.6","13.8","53.6","11.0","3.0","0.4"
"Calgary Int'L CS","29-June-2019","7.0","20.4","14.7","44.0","19.7","3.1","0.3"
"Calgary Int'L CS","30-June-2019","7.4","20.9","14.9","56.5","8.6","3.1","0.3"
"Calgary Int'L CS","01-July-2019","8.2","24.6","14.2","58.8","17.8","2.8","0.2"
"Calgary Int'L CS","02-July-2019","6.9","17.5","11.3","66.5","9.4","3.2","0.3"
"Calgary Int'L CS","03-July-2019","6.7","18.3","12.0","71.9","9.7","2.9","0.6"
"Calgary Int'L CS","04-July-2019","8.6","11.3","9.7","90.1","11.8","3.1","0.4"
"Calgary Int'L CS","05-July-2019","8.2","14.3","10.8","82.9","10.0","3.5","0.3"
"Calgary Int'L CS","06-July-2019","10.3","22.4","14.7","78.1","15.0","3.1","0.4"
"Calgary Int'L CS","07-July-2019","8.4","19.8","13.7","76.6","10.1","2.7","0.3"
"Calgary Int'L CS","08-July-2019","10.1","18.6","13.9","70.3","11.7","2.2","0.5"
"Calgary Int'L CS","09-July-2019","10.1","20.7","14.8","76.8","13.3","2.0","0.8"
"Calgary Int'L CS","10-July-2019","11.6","25.4","17.9","62.1","11.5","2.5","0.6"
"Calgary Int'L CS","11-July-2019","9.2","21.8","17.3","68.5","11.1","2.4","0.5"
"Calgary Int'L CS","12-July-2019","11.0","24.6","18.5","59.0","9.6","1.6","0.7"
"Calgary Int'L CS","13-July-2019","12.1","24.2","17.7","65.2","14.0","1.9","0.8"
"Calgary Int'L CS","14-July-2019","9.2","22.8","15.9","64.8","13.6","2.4","0.5"
"Calgary Int'L CS","15-July-2019","8.4","21.0","15.9","60.5","7.8","2.7","0.5"
"Calgary Int'L CS","16-July-2019","11.3","19.0","14.4","76.0","9.2","2.6","0.6"
"Calgary Int'L CS","17-July-2019","7.6","22.2","15.5","63.3","9.6","2.3","0.8"
"Calgary Int'L CS","18-July-2019","8.9","18.9","14.0","53.8","18.8","2.1","0.9"
"Calgary Int'L CS","19-July-2019","6.5","14.7","11.3","60.9","18.9","2.2","0.6"
"Calgary Int'L CS","20-July-2019","9.9","19.0","12.9","80.8","15.5","1.9","0.4"
"Calgary Int'L CS","21-July-2019","6.4","21.3","14.9","68.9","14.5","1.7","0.5"
"Calgary Int'L CS","22-July-2019","8.1","25.3","17.7","63.8","8.4","1.5","0.7"
"Calgary Int'L CS","23-July-2019","13.1","29.5","22.6","54.0","9.8","1.3","0.8"
"Calgary Int'L CS","24-July-2019","13.4","23.4","19.2","42.3","24.5","1.9","0.5"
"Calgary Int'L CS","25-July-2019","13.5","25.1","19.1","35.1","24.7","2.0","0.7"
"Calgary Int'L CS","26-July-2019","8.6","27.0","18.9","47.0","10.3","1.6","0.4"
"Calgary Int'L CS","27-July-2019","13.7","28.5","18.7","43.5","18.3","1.6","0.8"
"Calgary Int'L CS","28-July-2019","10.7","21.6","16.8","48.5","14.4","1.2","0.8"
"Calgary Int'L CS","29-July-2019","8.2","23.2","16.5","59.5","10.5","1.2","1.0"
"Calgary Int'L CS","30-July-2019","9.8","25.9","17.0","65.4","12.7","1.4","1.0"
"Calgary Int'L CS","31-July-2019","8.9","25.0","17.8","61.5","12.1","1.8","0.8"
"Calgary Int'L CS","01-August-2019","11.7","26.0","18.1","69.1","12.4","2.0","0.8"
"Calgary Int'L CS","02-August-2019","10.1","30.5","21.3","46.6","14.0","1.9","0.7"
"Calgary Int'L CS","03-August-2019","12.3","24.4","17.5","55.2","14.0","2.2","0.6"
"Calgary Int'L CS","04-August-2019","9.8","24.2","16.8","54.5","7.6","2.0","0.4"
"Calgary Int'L CS","05-August-2019","8.9","26.2","18.0","53.3","8.6","1.7","0.8"
"Calgary Int'L CS","06-August-2019","11.4","20.4","15.5","75.2","13.4","1.7","0.7"
"Calgary Int'L CS","07-August-2019","10.6","22.9","15.6","76.8","11.9","1.9","0.7"
"Calgary Int'L CS","08-August-2019","11.5","28.5","20.1","59.1","11.0","2.7","0.5"
"Calgary Int'L CS","09-August-2019","10.6","17.7","13.9","82.3","18.0","2.1","0.7"
"Calgary Int'L CS","10-August-2019","10.0","14.1","11.6","82.1","14.4","2.8","0.5"
"Calgary Int'L CS","11-August-2019","9.6","17.0","12.7","83.1","12.7","2.7","0.4"
"Calgary Int'L CS","12-August-2019","11.6","14.2","12.3","89.0","12.9","2.6","0.4"
"Calgary Int'L CS","13-August-2019","11.6","20.4","14.4","77.5","7.6","2.2","0.8"
"Calgary Int'L CS","14-August-2019","9.3","22.0","15.8","66.4","9.0","2.1","0.5"
"Calgary Int'L CS","15-August-2019","9.7","24.4","18.0","49.5","12.2","3.0","0.5"
"Calgary Int'L CS","16-August-2019","8.4","18.4","12.1","74.4","17.7","2.9","0.5"
"Calgary Int'L CS","17-August-2019","4.8","18.2","12.0","55.8","9.1","2.7","0.7"
"Calgary Int'L CS","18-August-2019","10.6","24.5","16.7","51.5","11.2","2.3","1.1"
"Calgary Int'L CS","19-August-2019","7.2","19.3","13.3","66.8","11.9","2.4","0.3"
"Calgary Int'L CS","20-August-2019","8.5","25.3","16.9","59.0","15.5","2.4","0.2"
"Calgary Int'L CS","21-August-2019","11.0","31.3","20.7","48.5","14.0","2.8","0.5"
"Calgary Int'L CS","22-August-2019","11.4","20.5","16.4","65.7","12.5","3.2","0.3"
"Calgary Int'L CS","23-August-2019","10.7","24.5","16.4","72.8","14.4","3.1","0.2"
"Calgary Int'L CS","24-August-2019","8.6","22.8","15.6","64.2","10.2","3.8","0.3"
"Calgary Int'L CS","25-August-2019","6.8","18.2","12.1","70.6","9.1","3.4","0.2"
"Calgary Int'L CS","26-August-2019","7.7","17.0","12.0","59.4","11.9","3.1","0.2"
"Calgary Int'L CS","27-August-2019","3.1","22.9","13.4","54.5","9.3","3.0","0.3"
"Calgary Int'L CS","28-August-2019","12.3","18.4","14.7","58.2","13.6","3.3","0.4"
"Calgary Int'L CS","29-August-2019","10.2","20.9","14.6","51.4","14.7","3.5","0.5"
"Calgary Int'L CS","30-August-2019","6.9","20.7","13.1","67.3","8.2","4.1","0.4"
"Calgary Int'L CS","31-August-2019","6.4","18.5","12.0","85.6","8.3","4.5","0.3"
"Calgary Int'L CS","01-September-2019","11.0","16.4","12.9","89.2","11.3","4.3","0.1"
"Calgary Int'L CS","02-September-2019","10.1","21.0","14.5","68.4","12.5","4.5","0.2"
"Calgary Int'L CS","03-September-2019","5.5","25.0","15.9","55.9","6.7","4.6","0.1"
"Calgary Int'L CS","04-September-2019","9.7","24.6","17.4","53.2","13.5","5.5","0.2"
"Calgary Int'L CS","05-September-2019","8.4","21.9","15.2","64.5","10.0","5.9","0.3"
"Calgary Int'L CS","06-September-2019","7.1","19.2","13.9","67.5","12.2","5.9","0.1"
"Calgary Int'L CS","07-September-2019","10.7","25.2","16.7","67.6","13.4","5.2","0.3"
"Calgary Int'L CS","08-September-2019","11.2","15.9","13.9","77.2","12.7","5.5","0.1"
"Calgary Int'L CS","09-September-2019","6.9","11.4","9.3","90.3","12.2","6.5","0.1"
"Calgary Int'L CS","10-September-2019","5.9","9.4","7.3","87.9","10.0","6.1","0.0"
"Calgary Int'L CS","11-September-2019","6.4","16.0","9.6","78.5","12.9","5.9","0.0"
"Calgary Int'L CS","12-September-2019","4.1","21.3","12.6","62.5","10.2","6.8","0.1"
"Calgary Int'L CS","13-September-2019","8.7","19.6","13.7","54.8","11.4","7.7","0.0"
"Calgary Int'L CS","14-September-2019","6.3","20.1","13.6","52.1","9.5","7.1","0.0"
"Calgary Int'L CS","15-September-2019","11.7","23.4","16.8","42.5","16.7","6.8","0.0"
"Calgary Int'L CS","16-September-2019","8.5","20.1","13.8","66.8","11.2","6.9","0.1"
"Calgary Int'L CS","17-September-2019","7.9","17.5","12.1","70.7","9.2","7.7","0.0"
"Calgary Int'L CS","18-September-2019","3.2","16.7","10.2","71.9","7.1","8.0","0.0"
"Calgary Int'L CS","19-September-2019","7.3","15.3","10.7","75.3","9.6","7.9","0.0"
"Calgary Int'L CS","20-September-2019","6.5","15.4","10.4","73.1","12.1","8.9","0.0"
"Calgary Int'L CS","21-September-2019","2.1","19.7","11.2","65.4","7.1","9.2","0.0"
"Calgary Int'L CS","22-September-2019","5.5","22.4","15.2","43.9","13.1","7.9","0.1"
"Calgary Int'L CS","23-September-2019","5.6","15.7","12.6","56.4","12.2","7.1","0.3"
"Calgary Int'L CS","24-September-2019","3.9","15.2","10.6","52.5","12.7","6.6","0.2"
"Calgary Int'L CS","25-September-2019","3.1","16.3","10.4","41.4","11.2","6.4","0.1"
"Calgary Int'L CS","26-September-2019","2.5","10.5","6.7","71.4","15.6","7.3","0.0"
"Calgary Int'L CS","27-September-2019","-2.6","4.3","2.0","82.6","20.0","7.9","0.0"
"Calgary Int'L CS","28-September-2019","-3.5","-0.9","-2.3","84.9","15.3","8.0","0.0"
"Calgary Int'L CS","29-September-2019","-3.0","-1.5","-2.4","93.0","20.0","8.2","0.0"
"Calgary Int'L CS","30-September-2019","-4.0","1.8","-2.4","84.0","11.3","9.5","0.0"
"Calgary Int'L CS","01-October-2019","-8.7","4.0","-2.3","75.2","8.7","10.4","0.0"
"Calgary Int'L CS","02-October-2019","-4.8","9.9","1.1","71.5","6.8","11.4","0.0"
"Calgary Int'L CS","03-October-2019","-5.2","10.2","3.0","69.1","7.3","12.0","0.0"
"Calgary Int'L CS","04-October-2019","-2.3","14.2","6.3","49.1","13.4","11.3","0.0"
"Calgary Int'L CS","05-October-2019","3.6","13.6","9.0","34.3","23.5","11.0","0.0"
"Calgary Int'L CS","06-October-2019","5.3","17.0","10.8","31.9","21.9","9.8","0.0"
"Calgary Int'L CS","07-October-2019","0.2","17.8","9.9","42.8","19.0","10.3","0.0"
"Calgary Int'L CS","08-October-2019","-7.0","2.3","-3.7","88.8","24.2","11.7","0.0"
"Calgary Int'L CS","09-October-2019","-10.0","-2.7","-6.0","62.9","12.1","12.0","0.0"
"Calgary Int'L CS","10-October-2019","-12.4","3.3","-4.7","64.8","5.7","11.5","0.0"
"Calgary Int'L CS","11-October-2019","-8.2","6.7","-1.4","63.5","8.1","13.3","0.0"
"Calgary Int'L CS","12-October-2019","-6.7","12.7","2.2","64.0","6.2","13.4","0.0"
"Calgary Int'L CS","13-October-2019","-0.9","8.5","4.1","72.7","8.5","12.8","0.0"
"Calgary Int'L CS","14-October-2019","-3.9","5.4","2.2","75.4","18.8","13.0","0.0"
"Calgary Int'L CS","15-October-2019","-5.2","10.7","2.2","75.9","14.7","13.3","0.0"
"Calgary Int'L CS","16-October-2019","3.8","18.6","10.9","42.9","11.3","12.9","0.0"
"Calgary Int'L CS","17-October-2019","0.7","14.8","8.2","46.5","17.8","13.6","0.0"
"Calgary Int'L CS","18-October-2019","-2.2","11.8","5.2","45.2","16.3","13.0","0.0"
"Calgary Int'L CS","19-October-2019","-1.9","8.4","3.2","56.1","9.0","12.3","0.0"
"Calgary Int'L CS","20-October-2019","-8.1","7.4","-0.1","64.1","7.6","12.5","0.0"
"Calgary Int'L CS","21-October-2019","-4.4","10.8","3.4","51.0","12.4","13.2","0.0"
"Calgary Int'L CS","22-October-2019","-4.0","13.5","4.4","63.8","15.1","13.5","0.0"
"Calgary Int'L CS","23-October-2019","-2.5","6.1","2.2","55.8","24.4","13.7","0.0"
"Calgary Int'L CS","24-October-2019","-1.8","15.5","8.0","47.8","15.8","14.2","0.0"
"Calgary Int'L CS","25-October-2019","0.6","18.1","8.3","54.0","29.0","15.1","0.0"
"Calgary Int'L CS","26-October-2019","-5.4","0.8","-1.7","63.5","27.8","14.8","0.0"
"Calgary Int'L CS","27-October-2019","-6.5","3.0","-1.5","55.8","18.9","15.3","0.0"
"Calgary Int'L CS","28-October-2019","-13.2","-2.8","-9.6","75.5","29.3","17.3","0.0"
"Calgary Int'L CS","29-October-2019","-18.6","-2.8","-10.9","60.4","8.7","17.9","0.0"
"Calgary Int'L CS","30-October-2019","-12.9","8.6","-1.0","48.5","7.2","17.3","0.0"
"Calgary Int'L CS","31-October-2019","-3.5","4.3","0.8","62.7","16.9","16.8","0.0"
"Calgary Int'L CS","01-November-2019","-7.1","6.4","0.6","48.8","6.3","17.4","0.0"
"Calgary Int'L CS","02-November-2019","-4.5","8.5","3.2","64.7","7.4","17.5","0.0"
"Calgary Int'L CS","03-November-2019","-2.4","3.2","0.9","87.8","12.8","17.2","0.0"
"Calgary Int'L CS","04-November-2019","-2.9","-0.2","-1.6","89.5","9.8","18.0","0.0"
"Calgary Int'L CS","05-November-2019","-11.5","0.9","-4.9","87.2","18.1","18.6","0.0"
"Calgary Int'L CS","06-November-2019","-16.4","-4.4","-11.5","80.6","9.8","19.0","0.0"
"Calgary Int'L CS","07-November-2019","-13.7","8.3","-1.5","58.9","8.7","18.6","0.0"
"Calgary Int'L CS","08-November-2019","2.0","11.9","8.2","64.6","12.0","18.5","0.0"
"Calgary Int'L CS","09-November-2019","-10.9","2.5","-5.3","88.6","14.1","19.8","0.0"
"Calgary Int'L CS","10-November-2019","-18.5","-10.8","-14.0","81.6","9.8","20.9","0.0"
"Calgary Int'L CS","11-November-2019","-18.4","5.9","-6.9","60.1","9.8","20.5","0.0"
"Calgary Int'L CS","12-November-2019","-1.8","6.2","3.1","68.1","12.3","18.1","0.0"
"Calgary Int'L CS","13-November-2019","-1.6","11.1","3.9","55.8","10.0","17.4","0.0"
"Calgary Int'L CS","14-November-2019","-4.4","7.1","1.7","61.7","7.5","18.9","0.0"
"Calgary Int'L CS","15-November-2019","3.0","11.6","7.3","49.4","15.0","17.9","0.0"
"Calgary Int'L CS","16-November-2019","-1.0","8.2","3.8","59.3","8.9","19.6","0.0"
"Calgary Int'L CS","17-November-2019","0.6","14.5","9.5","43.2","23.8","20.6","0.0"
"Calgary Int'L CS","18-November-2019","-0.5","9.2","3.9","48.2","10.7","20.7","0.0"
"Calgary Int'L CS","19-November-2019","-1.5","2.4","-0.7","92.3","10.2","21.5","0.0"
"Calgary Int'L CS","20-November-2019","-12.3","0.4","-5.5","84.4","8.0","21.2","0.0"
"Calgary Int'L CS","21-November-2019","-11.4","5.7","-4.1","75.0","5.5","21.6","0.0"
"Calgary Int'L CS","22-November-2019","-4.9","9.6","3.2","52.5","13.7","22.2","0.0"
"Calgary Int'L CS","23-November-2019","1.1","10.4","7.2","48.0","19.5","22.1","0.0"
"Calgary Int'L CS","24-November-2019","-1.5","6.9","2.6","60.1","15.6","21.2","0.0"
"Calgary Int'L CS","25-November-2019","-8.0","0.6","-2.7","65.7","10.1","21.0","0.0"
"Calgary Int'L CS","26-November-2019","-8.0","-4.0","-5.8","83.6","10.9","21.5","0.0"
"Calgary Int'L CS","27-November-2019","-14.2","-7.8","-12.7","81.2","21.6","21.8","0.0"
"Calgary Int'L CS","28-November-2019","-20.6","-12.6","-15.2","80.8","9.5","22.8","0.0"
"Calgary Int'L CS","29-November-2019","-22.6","-9.0","-18.4","78.6","4.4","22.9","0.0"
"Calgary Int'L CS","30-November-2019","-21.6","-9.8","-15.8","80.0","8.3","22.6","0.0"
"Calgary Int'L CS","01-December-2019","-15.9","3.4","-3.3","52.3","10.5","22.2","0.0"
"Calgary Int'L CS","02-December-2019","-0.2","4.2","2.2","44.7","24.7","23.7","0.0"
"Calgary Int'L CS","03-December-2019","-4.7","9.2","4.4","52.0","10.5","24.5","0.0"
"Calgary Int'L CS","04-December-2019","-8.5","-2.2","-5.1","85.3","12.9","24.6","0.0"
"Calgary Int'L CS","05-December-2019","-11.8","-2.5","-6.9","81.3","7.4","24.6","0.0"
"Calgary Int'L CS","06-December-2019","-12.8","-0.2","-6.6","69.2","6.2","24.6","0.0"
"Calgary Int'L CS","07-December-2019","-10.1","-0.6","-6.0","83.6","16.1","25.3","0.0"
"Calgary Int'L CS","08-December-2019","-19.0","-5.9","-11.6","82.6","8.7","24.6","0.0"
"Calgary Int'L CS","09-December-2019","-8.5","-1.2","-5.7","79.5","11.0","23.0","0.0"
"Calgary Int'L CS","10-December-2019","-13.5","-2.3","-6.7","84.7","9.1","22.8","0.0"
"Calgary Int'L CS","11-December-2019","-13.0","-6.9","-9.6","90.8","6.7","23.1","0.0"
"Calgary Int'L CS","12-December-2019","-14.0","-5.9","-9.8","89.3","8.9","23.2","0.0"
"Calgary Int'L CS","13-December-2019","-14.6","-10.4","-13.0","87.2","9.6","24.5","0.0"
"Calgary Int'L CS","14-December-2019","-16.0","-2.8","-8.6","87.8","5.4","24.4","0.0"
"Calgary Int'L CS","15-December-2019","-16.2","-2.1","-10.0","76.9","6.6","23.6","0.0"
"Calgary Int'L CS","16-December-2019","-13.4","0.8","-2.9","44.5","19.7","23.6","0.0"
"Calgary Int'L CS","17-December-2019","-1.0","7.8","2.9","50.6","17.0","22.8","0.0"
"Calgary Int'L CS","18-December-2019","-5.0","6.7","1.5","62.4","13.6","23.7","0.0"
"Calgary Int'L CS","19-December-2019","-5.8","3.6","-0.4","53.4","12.4","23.6","0.0"
"Calgary Int'L CS","20-December-2019","-2.2","5.6","0.9","74.8","12.7","23.8","0.0"
"Calgary Int'L CS","21-December-2019","-3.5","1.0","-1.0","97.5","8.3","25.5","0.0"
"Calgary Int'L CS","22-December-2019","-7.9","-0.5","-2.7","93.1","9.0","26.5","0.0"
"Calgary Int'L CS","23-December-2019","-14.0","-1.5","-4.9","93.0","7.2","25.3","0.0"
"Calgary Int'L CS","24-December-2019","-16.0","-8.1","-11.3","90.2","5.8","23.6","0.0"
"Calgary Int'L CS","25-December-2019","-17.1","-3.9","-11.9","88.1","3.0","24.0","0.0"
"Calgary Int'L CS","26-December-2019","-16.9","-2.1","-10.4","69.4","9.1","24.4","0.0"
"Calgary Int'L CS","27-December-2019","-11.6","0.2","-2.7","47.9","19.2","24.8","0.0"
"Calgary Int'L CS","28-December-2019","-15.2","-2.9","-9.1","66.8","8.1","26.5","0.0"
"Calgary Int'L CS","29-December-2019","-10.7","2.3","-4.0","78.3","7.3","27.3","0.0"
"Calgary Int'L CS","30-December-2019","-12.4","6.7","-3.1","67.9","9.7","28.1","0.0"
"Calgary Int'L CS","31-December-2019","1.3","5.8","4.6","49.5","28.6","27.5","0.0"
"Calgary Int'L CS","01-January-2020","-5.3","2.2","-0.8","82.8","8.0","26.9","0.0"
"Calgary Int'L CS","02-January-2020","-11.7","3.3","-3.7","65.5","13.0","25.9","0.0"
"Calgary Int'L CS","03-January-2020","-10.0","9.1","-2.7","54.4","11.2","26.0","0.0"
"Calgary Int'L CS","04-January-2020","-3.8","8.6","1.2","53.1","21.0","26.2","0.0"
"Calgary Int'L CS","05-January-2020","-11.9","3.7","-3.4","48.6","9.6","27.2","0.0"
"Calgary Int'L CS","06-January-2020","-9.9","0.2","-5.6","66.5","11.9","25.9","0.0"
"Calgary Int'L CS","07-January-2020","-13.1","-6.3","-10.2","89.0","8.9","25.8","0.0"
"Calgary Int'L CS","08-January-2020","-14.1","-7.1","-10.1","87.4","13.9","25.8","0.0"
"Calgary Int'L CS","09-January-2020","-18.5","-13.7","-15.6","74.5","12.3","27.0","0.0"
"Calgary Int'L CS","10-January-2020","-20.7","-7.0","-14.0","76.7","8.7","26.9","0.0"
"Calgary Int'L CS","11-January-2020","-20.4","-10.5","-18.0","75.5","16.9","27.5","0.0"
"Calgary Int'L CS","12-January-2020","-25.4","-19.9","-23.3","66.3","18.4","26.5","0.0"
"Calgary Int'L CS","13-January-2020","-31.6","-25.3","-26.7","65.5","9.2","25.8","0.0"
"Calgary Int'L CS","14-January-2020","-32.5","-28.4","-30.4","69.6","5.6","25.7","0.0"
"Calgary Int'L CS","15-January-2020","-33.2","-27.2","-30.2","69.8","8.4","25.5","0.0"
"Calgary Int'L CS","16-January-2020","-29.8","-27.3","-28.8","69.9","11.4","25.9","0.0"
"Calgary Int'L CS","17-January-2020","-27.5","-22.9","-25.4","63.4","14.9","25.2","0.0"
"Calgary Int'L CS","18-January-2020","-28.1","-18.9","-23.3","69.2","9.5","23.6","0.0"
"Calgary Int'L CS","19-January-2020","-21.5","5.3","-9.7","66.2","10.8","22.6","0.0"
"Calgary Int'L CS","20-January-2020","-3.7","6.9","1.9","62.7","10.0","23.5","0.0"
"Calgary Int'L CS","21-January-2020","-8.5","6.5","-0.3","66.0","8.7","23.4","0.0"
"Calgary Int'L CS","22-January-2020","-3.4","5.1","1.4","46.4","15.3","23.4","0.0"
"Calgary Int'L CS","23-January-2020","-9.0","9.2","-0.7","59.1","9.6","24.1","0.0"
"Calgary Int'L CS","24-January-2020","0.5","9.0","4.5","59.3","13.9","24.2","0.0"
"Calgary Int'L CS","25-January-2020","-2.3","8.1","3.4","50.7","11.4","24.0","0.0"
"Calgary Int'L CS","26-January-2020","-8.3","1.5","-3.5","73.9","6.8","24.5","0.0"
"Calgary Int'L CS","27-January-2020","-5.2","6.4","1.6","49.4","13.1","24.3","0.0"
"Calgary Int'L CS","28-January-2020","-6.6","4.4","-2.0","58.3","6.9","25.2","0.0"
"Calgary Int'L CS","29-January-2020","-11.4","6.6","-2.8","63.1","10.7","23.7","0.0"
"Calgary Int'L CS","30-January-2020","-5.6","5.8","1.6","47.8","16.6","22.0","0.0"
"Calgary Int'L CS","31-January-2020","-4.1","7.9","2.7","58.2","13.5","23.0","0.0"
"Calgary Int'L CS","01-February-2020","-5.4","10.2","3.6","74.3","22.7","23.0","0.0"
"Calgary Int'L CS","02-February-2020","-11.5","-1.9","-6.2","64.5","12.3","23.5","0.0"
"Calgary Int'L CS","03-February-2020","-14.2","-5.2","-9.7","73.3","13.2","23.6","0.0"
"Calgary Int'L CS","04-February-2020","-20.3","0.0","-9.0","61.3","17.1","23.1","0.0"
"Calgary Int'L CS","05-February-2020","-2.0","4.1","0.6","48.3","21.0","23.5","0.0"
"Calgary Int'L CS","06-February-2020","-7.1","1.9","-0.9","54.6","11.8","25.0","0.0"
"Calgary Int'L CS","07-February-2020","-9.4","0.3","-4.4","71.0","9.1","24.6","0.0"
"Calgary Int'L CS","08-February-2020","-12.0","-3.5","-6.3","84.3","12.7","25.5","0.0"
"Calgary Int'L CS","09-February-2020","-12.9","1.4","-3.9","66.2","18.4","26.2","0.0"
"Calgary Int'L CS","10-February-2020","-7.8","1.4","-4.3","58.8","12.9","26.3","0.0"
"Calgary Int'L CS","11-February-2020","-8.8","4.2","0.1","65.7","24.0","25.3","0.0"
"Calgary Int'L CS","12-February-2020","-13.7","-8.1","-11.4","84.9","14.5","22.9","0.0"
"Calgary Int'L CS","13-February-2020","-14.0","7.3","-4.4","68.1","15.7","21.8","0.0"
"Calgary Int'L CS","14-February-2020","-10.3","1.2","-4.4","82.0","6.9","23.4","0.0"
"Calgary Int'L CS","15-February-2020","-8.9","3.6","-3.9","70.2","14.6","22.1","0.0"
"Calgary Int'L CS","16-February-2020","-8.3","2.0","-4.3","71.5","7.0","23.2","0.0"
"Calgary Int'L CS","17-February-2020","-16.7","-7.0","-12.1","78.5","12.0","23.5","0.0"
"Calgary Int'L CS","18-February-2020","-17.8","-5.9","-14.0","78.3","9.3","23.2","0.0"
"Calgary Int'L CS","19-February-2020","-17.9","1.5","-8.3","64.7","5.9","22.7","0.0"
"Calgary Int'L CS","20-February-2020","-14.8","8.6","-1.1","43.9","15.9","23.4","0.0"
"Calgary Int'L CS","21-February-2020","-4.0","6.3","3.3","29.5","20.8","23.1","0.0"
"Calgary Int'L CS","22-February-2020","-9.6","5.4","0.7","58.6","16.9","24.0","0.0"
"Calgary Int'L CS","23-February-2020","-10.2","0.3","-5.0","83.0","10.6","24.5","0.0"
"Calgary Int'L CS","24-February-2020","-11.4","-0.5","-5.4","80.8","11.9","25.0","0.0"
"Calgary Int'L CS","25-February-2020","-16.1","0.4","-7.6","73.2","6.4","25.4","0.0"
"Calgary Int'L CS","26-February-2020","-5.2","4.9","1.7","51.8","14.1","24.8","0.0"
"Calgary Int'L CS","27-February-2020","-1.9","8.4","4.3","41.5","24.3","23.3","0.0"
"Calgary Int'L CS","28-February-2020","-1.8","10.3","4.5","55.0","10.6","23.4","0.0"
"Calgary Int'L CS","29-February-2020","-4.1","6.7","1.4","64.7","28.5","18.9","0.0"
"Calgary Int'L CS","01-March-2020","-12.2","3.5","-3.0","65.5","16.5","24.0","0.0"
"Calgary Int'L CS","02-March-2020","-0.6","5.8","3.1","39.8","22.3","23.6","0.0"
"Calgary Int'L CS","03-March-2020","-4.9","7.3","2.6","46.2","22.5","23.6","0.0"
"Calgary Int'L CS","04-March-2020","-5.4","4.2","0.6","50.5","24.6","24.8","0.0"
"Calgary Int'L CS","05-March-2020","-8.7","8.8","-0.8","54.4","9.0","25.1","0.0"
"Calgary Int'L CS","06-March-2020","-6.9","7.7","-0.8","71.9","13.8","25.5","0.0"
"Calgary Int'L CS","07-March-2020","-15.4","-6.8","-11.2","82.2","17.2","24.4","0.0"
"Calgary Int'L CS","08-March-2020","-20.0","-7.7","-13.1","76.3","9.0","23.1","0.0"
"Calgary Int'L CS","09-March-2020","-16.7","2.1","-6.8","53.7","8.4","21.6","0.0"
"Calgary Int'L CS","10-March-2020","-9.2","4.4","-0.3","38.8","15.5","21.0","0.0"
"Calgary Int'L CS","11-March-2020","-4.4","3.5","-0.4","54.1","14.0","19.4","0.0"
"Calgary Int'L CS","12-March-2020","-8.6","0.8","-3.5","68.6","12.8","18.2","0.0"
"Calgary Int'L CS","13-March-2020","-20.7","-8.7","-16.1","77.9","23.2","18.6","0.0"
"Calgary Int'L CS","14-March-2020","-22.0","-17.6","-20.3","73.9","20.1","18.9","0.0"
"Calgary Int'L CS","15-March-2020","-25.6","-9.3","-17.8","64.3","5.6","19.5","0.0"
"Calgary Int'L CS","16-March-2020","-15.3","4.0","-5.7","60.6","7.8","20.4","0.0"
"Calgary Int'L CS","17-March-2020","-7.2","1.1","-3.1","65.0","19.3","19.8","0.0"
"Calgary Int'L CS","18-March-2020","-10.6","-7.1","-8.8","85.8","11.6","19.0","0.0"
"Calgary Int'L CS","19-March-2020","-12.4","-8.0","-10.4","83.9","13.9","18.5","0.0"
"Calgary Int'L CS","20-March-2020","-13.5","1.9","-6.4","70.7","9.6","18.3","0.0"
"Calgary Int'L CS","21-March-2020","-10.3","4.8","-2.2","64.4","11.3","18.5","0.0"
"Calgary Int'L CS","22-March-2020","-7.1","7.7","-0.3","69.5","11.0","18.9","0.0"
"Calgary Int'L CS","23-March-2020","-6.7","9.9","0.1","72.6","12.2","19.7","0.0"
"Calgary Int'L CS","24-March-2020","-5.5","-2.4","-4.1","84.4","14.0","19.9","0.0"
"Calgary Int'L CS","25-March-2020","-9.9","-0.5","-4.8","70.5","11.6","18.1","0.0"
"Calgary Int'L CS","26-March-2020","-7.6","7.3","0.6","45.4","22.3","17.7","0.0"
"Calgary Int'L CS","27-March-2020","-5.2","10.1","3.4","44.0","16.6","16.8","0.0"
"Calgary Int'L CS","28-March-2020","-3.4","6.3","0.8","69.0","12.8","16.9","0.0"
"Calgary Int'L CS","29-March-2020","-1.9","11.0","4.3","58.3","17.3","16.6","0.0"
"Calgary Int'L CS","30-March-2020","-10.1","0.2","-5.9","91.5","16.3","16.1","0.0"
"Calgary Int'L CS","31-March-2020","-12.4","-7.8","-10.8","71.3","22.1","16.2","0.0"
"Calgary Int'L CS","01-April-2020","-15.6","-10.0","-13.2","62.8","16.6","17.1","0.0"
"Calgary Int'L CS","02-April-2020","-15.0","-8.4","-11.5","72.3","10.8","17.4","0.0"
"Calgary Int'L CS","03-April-2020","-11.4","-7.6","-9.5","80.6","14.5","17.4","0.0"
"Calgary Int'L CS","04-April-2020","-12.2","-2.6","-8.3","75.3","12.9","17.1","0.0"
"Calgary Int'L CS","05-April-2020","-7.9","-3.3","-6.1","91.8","15.8","17.0","0.0"
"Calgary Int'L CS","06-April-2020","-7.5","5.4","-1.7","72.8","14.0","16.2","0.0"
"Calgary Int'L CS","07-April-2020","-3.8","4.4","-1.0","68.6","14.3","15.8","0.0"
"Calgary Int'L CS","08-April-2020","-4.2","4.7","-0.5","46.9","12.0","14.8","0.0"
"Calgary Int'L CS","09-April-2020","-3.9","13.7","3.8","52.5","13.1","15.0","0.0"
"Calgary Int'L CS","10-April-2020","-3.6","4.2","-0.1","82.4","14.9","15.2","0.0"
"Calgary Int'L CS","11-April-2020","-9.3","-3.4","-5.6","67.9","17.7","14.5","0.0"
"Calgary Int'L CS","12-April-2020","-10.0","-1.6","-6.1","69.4","17.1","14.5","0.0"
"Calgary Int'L CS","13-April-2020","-10.7","4.7","-3.0","57.6","9.4","14.5","0.0"
"Calgary Int'L CS","14-April-2020","-1.5","8.3","2.6","76.8","17.3","14.9","0.0"
"Calgary Int'L CS","15-April-2020","-2.7","1.1","-0.9","84.7","19.7","15.4","0.0"
"Calgary Int'L CS","16-April-2020","-6.1","10.5","2.2","53.9","7.9","14.1","0.0"
"Calgary Int'L CS","17-April-2020","2.6","11.5","7.1","54.2","20.3","12.8","0.0"
"Calgary Int'L CS","18-April-2020","-0.8","4.9","1.6","79.1","13.8","13.3","0.0"
"Calgary Int'L CS","19-April-2020","-3.1","14.8","6.6","50.8","10.5","12.8","0.0"
"Calgary Int'L CS","20-April-2020","4.7","18.9","12.2","34.5","16.1","11.6","0.0"
"Calgary Int'L CS","21-April-2020","6.9","19.5","13.8","30.6","25.5","10.7","0.0"
"Calgary Int'L CS","22-April-2020","3.2","13.8","8.5","52.5","11.0","11.2","0.0"
"Calgary Int'L CS","23-April-2020","0.1","14.2","6.9","54.8","12.3","11.8","0.0"
"Calgary Int'L CS","24-April-2020","-1.7","15.6","8.0","41.9","12.0","11.9","0.0"
"Calgary Int'L CS","25-April-2020","0.6","17.5","9.0","37.9","16.0","12.1","0.0"
"Calgary Int'L CS","26-April-2020","1.4","14.4","9.5","31.3","20.6","12.0","0.0"
"Calgary Int'L CS","27-April-2020","0.7","17.1","9.2","37.5","17.8","11.1","0.0"
"Calgary Int'L CS","28-April-2020","-0.8","17.4","9.6","32.9","13.8","11.6","0.0"
"Calgary Int'L CS","29-April-2020","2.3","21.3","13.4","37.5","14.7","11.8","0.0"
"Calgary Int'L CS","30-April-2020","3.1","18.8","11.8","52.7","16.9","12.2","0.0"
"Calgary Int'L CS","01-May-2020","-1.6","15.6","8.0","50.5","7.5","11.4","0.0"
"Calgary Int'L CS","02-May-2020","-1.0","19.0","10.3","38.2","11.2","10.6","0.0"
"Calgary Int'L CS","03-May-2020","1.2","17.0","7.9","59.9","17.0","11.1","0.0"
"Calgary Int'L CS","04-May-2020","1.6","6.4","3.9","80.1","19.6","10.3","0.0"
"Calgary Int'L CS","05-May-2020","-2.5","16.1","8.1","58.7","11.5","10.3","0.0"
"Calgary Int'L CS","06-May-2020","0.1","16.2","8.8","60.5","14.4","10.3","0.0"
"Calgary Int'L CS","07-May-2020","5.9","16.9","10.5","63.0","13.3","10.7","0.0"
"Calgary Int'L CS","08-May-2020","2.5","10.8","6.3","78.9","24.0","10.0","0.0"
"Calgary Int'L CS","09-May-2020","-1.3","13.4","6.6","58.0","14.1","10.5","0.0"
"Calgary Int'L CS","10-May-2020","0.0","7.2","3.5","63.3","14.9","10.7","0.0"
"Calgary Int'L CS","11-May-2020","-2.0","8.9","3.6","52.9","13.8","9.6","0.0"
"Calgary Int'L CS","12-May-2020","0.9","10.2","5.4","45.5","18.6","8.2","0.1"
"Calgary Int'L CS","13-May-2020","-2.0","15.2","7.1","47.5","7.1","8.3","0.0"
"Calgary Int'L CS","14-May-2020","0.4","17.6","9.3","43.8","18.9","7.5","0.0"
"Calgary Int'L CS","15-May-2020","1.1","17.8","9.3","52.1","10.3","7.5","0.1"
"Calgary Int'L CS","16-May-2020","1.5","22.0","12.8","44.3","10.0","7.3","0.1"
"Calgary Int'L CS","17-May-2020","5.0","20.9","14.4","41.2","8.0","7.5","0.1"
"Calgary Int'L CS","18-May-2020","7.9","19.5","13.5","54.8","11.2","7.7","0.1"
"Calgary Int'L CS","19-May-2020","8.1","14.4","10.7","72.8","14.0","8.0","0.0"
"Calgary Int'L CS","20-May-2020","7.0","11.1","9.1","86.8","9.0","8.6","0.0"
"Calgary Int'L CS","21-May-2020","2.4","7.8","5.5","89.1","28.3","8.7","0.0"
"Calgary Int'L CS","22-May-2020","2.8","5.2","4.2","88.8","11.0","8.6","0.0"
"Calgary Int'L CS","23-May-2020","4.4","15.7","8.9","69.2","9.5","7.5","0.1"
"Calgary Int'L CS","24-May-2020","2.4","20.2","12.9","49.7","8.4","7.7","0.1"
"Calgary Int'L CS","25-May-2020","7.1","20.0","14.6","44.5","11.4","6.8","0.0"
"Calgary Int'L CS","26-May-2020","5.0","15.0","10.2","64.0","17.9","7.2","0.0"
"Calgary Int'L CS","27-May-2020","1.3","17.5","10.0","49.2","10.3","6.7","0.0"
"Calgary Int'L CS","28-May-2020","2.0","19.9","12.5","48.2","13.0","6.4","0.1"
"Calgary Int'L CS","29-May-2020","6.4","21.7","14.7","50.9","9.4","6.5","0.0"
"Calgary Int'L CS","30-May-2020","9.1","26.0","17.9","51.6","18.2","5.9","0.0"
"Calgary Int'L CS","31-May-2020","9.2","19.5","14.3","79.5","17.8","5.3","0.0"
"Calgary Int'L CS","01-June-2020","5.4","18.4","12.1","58.1","13.2","5.2","0.0"
"Calgary Int'L CS","02-June-2020","3.9","21.5","13.9","44.6","13.3","5.3","0.1"
"Calgary Int'L CS","03-June-2020","5.2","18.0","12.6","41.3","15.0","5.3","0.0"
"Calgary Int'L CS","04-June-2020","4.1","16.4","10.5","46.6","9.3","5.1","0.0"
"Calgary Int'L CS","05-June-2020","2.1","18.1","11.3","64.0","12.0","5.0","0.0"
"Calgary Int'L CS","06-June-2020","9.0","19.0","13.3","70.2","12.1","6.2","0.1"
"Calgary Int'L CS","07-June-2020","7.4","11.3","8.6","84.6","27.7","6.2","0.2"
"Calgary Int'L CS","08-June-2020","3.6","16.5","10.1","67.8","12.9","5.9","0.3"
"Calgary Int'L CS","09-June-2020","2.8","17.9","11.8","49.5","13.5","5.8","0.1"
"Calgary Int'L CS","10-June-2020","7.9","22.1","16.1","38.5","13.5","5.8","0.0"
"Calgary Int'L CS","11-June-2020","8.5","22.9","17.2","40.5","13.2","5.4","0.0"
"Calgary Int'L CS","12-June-2020","11.6","27.4","18.2","50.5","12.7","5.4","0.1"
"Calgary Int'L CS","13-June-2020","9.8","21.1","14.8","70.6","15.4","4.7","0.1"
"Calgary Int'L CS","14-June-2020","6.9","18.5","13.4","62.7","13.5","5.7","0.0"
"Calgary Int'L CS","15-June-2020","7.0","18.5","13.9","44.5","16.9","5.9","0.0"
"Calgary Int'L CS","16-June-2020","5.8","18.1","13.0","50.0","13.7","5.2","0.0"
"Calgary Int'L CS","17-June-2020","8.8","14.5","11.3","77.8","22.9","5.2","0.0"
"Calgary Int'L CS","18-June-2020","7.7","15.5","11.4","76.2","11.5","5.3","0.1"
"Calgary Int'L CS","19-June-2020","5.9","20.8","14.3","64.2","11.1","4.7","0.0"
"Calgary Int'L CS","20-June-2020","10.3","23.6","17.3","62.6","7.7","4.2","0.1"
"Calgary Int'L CS","21-June-2020","10.1","22.7","15.8","72.1","11.2","3.7","0.1"
"Calgary Int'L CS","22-June-2020","8.2","23.7","17.4","61.5","8.5","3.7","0.1"
"Calgary Int'L CS","23-June-2020","14.0","23.3","18.5","55.9","8.8","3.8","0.0"
"Calgary Int'L CS","24-June-2020","11.8","18.6","15.0","81.3","12.5","4.3","0.0"
"Calgary Int'L CS","25-June-2020","8.1","23.5","16.8","66.6","10.2","3.6","0.2"
"Calgary Int'L CS","26-June-2020","10.4","25.7","17.6","61.3","12.1","3.8","0.5"
"Calgary Int'L CS","27-June-2020","8.8","18.5","13.0","76.4","14.7","3.4","0.4"
"Calgary Int'L CS","28-June-2020","7.9","13.3","10.1","85.0","20.6","3.0","0.4"
"Calgary Int'L CS","29-June-2020","10.2","16.9","12.7","77.7","19.4","3.1","0.3"
"Calgary Int'L CS","30-June-2020","9.9","12.7","11.5","93.3","19.8","3.1","0.3"
"Calgary Int'L CS","01-July-2020","9.3","20.7","14.0","65.9","15.7","2.8","0.2"
"Calgary Int'L CS","02-July-2020","10.3","19.1","15.2","49.0","17.4","3.2","0.3"
"Calgary Int'L CS","03-July-2020","8.5","24.3","16.7","48.0","11.3","2.9","0.6"
"Calgary Int'L CS","04-July-2020","7.8","19.8","14.5","60.8","14.5","3.1","0.4"
"Calgary Int'L CS","05-July-2020","5.3","20.4","14.2","63.0","8.3","3.5","0.3"
"Calgary Int'L CS","06-July-2020","7.8","22.5","16.1","63.8","11.8","3.1","0.4"
"Calgary Int'L CS","07-July-2020","10.4","16.8","13.1","80.9","15.7","2.7","0.3"
"Calgary Int'L CS","08-July-2020","10.0","17.7","13.0","78.0","28.3","2.2","0.5"
"Calgary Int'L CS","09-July-2020","8.5","21.3","15.1","70.2","11.7","2.0","0.8"
"Calgary Int'L CS","10-July-2020","10.4","21.4","16.3","60.9","12.5","2.5","0.6"
"Calgary Int'L CS","11-July-2020","8.4","23.8","17.8","51.9","11.7","2.4","0.5"
"Calgary Int'L CS","12-July-2020","10.4","20.7","15.6","59.5","14.3","1.6","0.7"
"Calgary Int'L CS","13-July-2020","7.4","18.2","13.6","52.0","11.8","1.9","0.8"
"Calgary Int'L CS","14-July-2020","9.4","22.9","16.3","41.8","13.9","2.4","0.5"
"Calgary Int'L CS","15-July-2020","9.9","22.4","16.7","57.2","9.8","2.7","0.5"
"Calgary Int'L CS","16-July-2020","11.4","27.1","18.4","61.9","14.7","2.6","0.6"
"Calgary Int'L CS","17-July-2020","10.2","21.9","16.0","65.1","11.7","2.3","0.8"
"Calgary Int'L CS","18-July-2020","9.4","21.6","15.8","60.0","9.7","2.1","0.9"
"Calgary Int'L CS","19-July-2020","11.9","21.0","15.5","74.5","8.4","2.2","0.6"
"Calgary Int'L CS","20-July-2020","10.3","22.1","16.7","64.4","9.7","1.9","0.4"
"Calgary Int'L CS","21-July-2020","10.9","25.3","18.5","66.0","10.5","1.7","0.5"
"Calgary Int'L CS","22-July-2020","14.3","24.0","19.4","74.0","11.8","1.5","0.7"
"Calgary Int'L CS","23-July-2020","12.2","22.3","17.7","82.5","11.9","1.3","0.8"
"Calgary Int'L CS","24-July-2020","9.2","18.9","13.0","85.7","12.5","1.9","0.5"
"Calgary Int'L CS","25-July-2020","6.8","20.2","13.7","65.4","8.2","2.0","0.7"
"Calgary Int'L CS","26-July-2020","8.1","23.1","16.0","61.0","7.7","1.6","0.4"
"Calgary Int'L CS","27-July-2020","10.5","26.7","19.4","59.0","14.6","1.6","0.8"
"Calgary Int'L CS","28-July-2020","11.9","29.7","22.2","59.8","8.8","1.2","0.8"
"Calgary Int'L CS","29-July-2020","15.8","27.1","21.5","74.8","13.4","1.2","1.0"
"Calgary Int'L CS","30-July-2020","16.5","26.8","21.4","74.8","11.1","1.4","1.0"
"Calgary Int'L CS","31-July-2020","16.6","27.0","21.3","73.9","14.1","1.8","0.8"
"Calgary Int'L CS","01-August-2020","14.0","28.0","20.9","66.4","16.5","2.0","0.8"
"Calgary Int'L CS","02-August-2020","14.2","28.3","21.9","62.4","11.9","1.9","0.7"
"Calgary Int'L CS","03-August-2020","12.9","28.1","19.7","61.2","15.6","2.2","0.6"
"Calgary Int'L CS","04-August-2020","8.6","25.4","17.9","58.9","10.7","2.0","0.4"
"Calgary Int'L CS","05-August-2020","12.0","29.3","20.7","53.3","13.1","1.7","0.8"
"Calgary Int'L CS","06-August-2020","11.0","29.2","20.5","50.2","12.1","1.7","0.7"
"Calgary Int'L CS","07-August-2020","8.9","20.5","14.4","60.0","21.4","1.9","0.7"
"Calgary Int'L CS","08-August-2020","8.7","21.6","15.2","50.9","17.3","2.7","0.5"
"Calgary Int'L CS","09-August-2020","3.7","21.0","13.8","47.0","12.3","2.1","0.7"
"Calgary Int'L CS","10-August-2020","12.1","25.6","18.7","43.4","15.4","2.8","0.5"
"Calgary Int'L CS","11-August-2020","7.4","22.1","15.7","66.0","14.1","2.7","0.4"
"Calgary Int'L CS","12-August-2020","8.7","18.4","13.8","62.6","16.1","2.6","0.4"
"Calgary Int'L CS","13-August-2020","5.1","22.0","14.2","52.6","12.4","2.2","0.8"
"Calgary Int'L CS","14-August-2020","5.0","22.5","15.4","49.3","13.7","2.1","0.5"
"Calgary Int'L CS","15-August-2020","9.7","27.0","18.2","53.2","9.7","3.0","0.5"
"Calgary Int'L CS","16-August-2020","9.0","30.9","20.6","45.3","9.8","2.9","0.5"
"Calgary Int'L CS","17-August-2020","13.6","32.2","22.4","44.5","12.7","2.7","0.7"
"Calgary Int'L CS","18-August-2020","14.3","33.1","24.0","39.0","10.2","2.3","1.1"
"Calgary Int'L CS","19-August-2020","14.0","25.7","19.2","53.4","14.4","2.4","0.3"
"Calgary Int'L CS","20-August-2020","14.3","25.7","19.5","66.0","12.4","2.4","0.2"
"Calgary Int'L CS","21-August-2020","9.6","27.9","18.4","60.9","12.1","2.8","0.5"
"Calgary Int'L CS","22-August-2020","9.8","23.9","18.0","46.5","15.3","3.2","0.3"
"Calgary Int'L CS","23-August-2020","7.4","23.9","15.5","54.8","7.0","3.1","0.2"
"Calgary Int'L CS","24-August-2020","9.5","29.4","17.3","54.9","14.9","3.8","0.3"
"Calgary Int'L CS","25-August-2020","9.6","23.0","15.9","56.3","12.1","3.4","0.2"
"Calgary Int'L CS","26-August-2020","6.4","24.2","15.7","55.5","8.3","3.1","0.2"
"Calgary Int'L CS","27-August-2020","8.5","19.8","13.8","64.2","12.9","3.0","0.3"
"Calgary Int'L CS","28-August-2020","8.5","25.8","16.7","48.2","9.9","3.3","0.4"
"Calgary Int'L CS","29-August-2020","7.7","17.2","11.6","64.5","18.5","3.5","0.5"
"Calgary Int'L CS","30-August-2020","3.9","18.6","11.4","56.3","9.2","4.1","0.4"
"Calgary Int'L CS","31-August-2020","4.6","20.0","12.9","49.2","12.4","4.5","0.3"
"Calgary Int'L CS","01-September-2020","10.6","23.0","17.1","44.0","12.2","4.3","0.1"
"Calgary Int'L CS","02-September-2020","9.1","18.0","13.1","64.2","19.8","4.5","0.2"
"Calgary Int'L CS","03-September-2020","3.1","24.6","13.5","58.7","8.6","4.6","0.1"
"Calgary Int'L CS","04-September-2020","4.1","27.4","16.2","53.2","9.9","5.5","0.2"
"Calgary Int'L CS","05-September-2020","9.5","28.7","18.9","50.7","10.8","5.9","0.3"
"Calgary Int'L CS","06-September-2020","5.0","15.5","11.0","80.9","12.6","5.9","0.1"
"Calgary Int'L CS","07-September-2020","2.0","10.8","5.8","79.0","17.4","5.2","0.3"
"Calgary Int'L CS","08-September-2020","0.6","20.4","9.7","64.6","16.0","5.5","0.1"
"Calgary Int'L CS","09-September-2020","4.5","22.4","13.7","60.9","6.5","6.5","0.1"
"Calgary Int'L CS","10-September-2020","6.4","25.9","15.7","54.4","5.2","6.1","0.0"
"Calgary Int'L CS","11-September-2020","7.0","28.7","17.2","52.2","10.6","5.9","0.0"
"Calgary Int'L CS","12-September-2020","7.8","17.9","12.3","72.5","13.6","6.8","0.1"
"Calgary Int'L CS","13-September-2020","7.0","15.4","10.7","65.3","14.6","7.7","0.0"
"Calgary Int'L CS","14-September-2020","6.5","9.7","7.7","86.0","14.5","7.1","0.0"
"Calgary Int'L CS","15-September-2020","7.1","11.3","8.8","79.2","8.6","6.8","0.0"
"Calgary Int'L CS","16-September-2020","6.6","20.1","11.7","69.9","9.9","6.9","0.1"
"Calgary Int'L CS","17-September-2020","4.2","21.8","12.8","65.4","10.3","7.7","0.0"
"Calgary Int'L CS","18-September-2020","5.0","20.2","12.4","73.6","6.6","8.0","0.0"
"Calgary Int'L CS","19-September-2020","8.1","19.5","14.7","63.7","8.2","7.9","0.0"
"Calgary Int'L CS","20-September-2020","7.6","19.6","14.6","59.1","13.9","8.9","0.0"
"Calgary Int'L CS","21-September-2020","2.9","21.5","12.5","58.6","7.8","9.2","0.0"
"Calgary Int'L CS","22-September-2020","4.1","16.8","10.3","66.8","11.6","7.9","0.1"
"Calgary Int'L CS","23-September-2020","1.7","22.4","12.2","58.1","10.5","7.1","0.3"
"Calgary Int'L CS","24-September-2020","7.7","19.6","15.0","37.2","24.4","6.6","0.2"
"Calgary Int'L CS","25-September-2020","2.5","16.4","10.9","43.6","12.0","6.4","0.1"
"Calgary Int'L CS","26-September-2020","4.8","16.8","10.7","44.3","18.1","7.3","0.0"
"Calgary Int'L CS","27-September-2020","4.7","16.6","11.0","33.4","13.9","7.9","0.0"
"Calgary Int'L CS","28-September-2020","7.0","21.8","15.2","41.0","18.3","8.0","0.0"
"Calgary Int'L CS","29-September-2020","8.0","17.2","13.4","57.8","15.1","8.2","0.0"
"Calgary Int'L CS","30-September-2020","4.7","14.8","9.8","47.5","8.6","9.5","0.0"
"Calgary Int'L CS","01-October-2020","2.1","23.9","11.2","55.4","9.5","10.4","0.0"
"Calgary Int'L CS","02-October-2020","4.4","19.9","12.0","60.7","9.9","11.4","0.0"
"Calgary Int'L CS","03-October-2020","2.2","22.7","11.6","60.4","10.2","12.0","0.0"
"Calgary Int'L CS","04-October-2020","8.5","24.0","14.5","58.0","12.5","11.3","0.0"
"Calgary Int'L CS","05-October-2020","2.5","24.1","13.9","59.6","16.0","11.0","0.0"
"Calgary Int'L CS","06-October-2020","4.2","17.8","12.4","55.8","9.8","9.8","0.0"
"Calgary Int'L CS","07-October-2020","4.2","16.0","9.7","59.3","11.0","10.3","0.0"
"Calgary Int'L CS","08-October-2020","4.6","17.2","9.5","61.8","13.9","11.7","0.0"
"Calgary Int'L CS","09-October-2020","3.2","11.9","7.2","74.6","12.1","12.0","0.0"
"Calgary Int'L CS","10-October-2020","9.3","21.2","14.7","39.8","21.1","11.5","0.0"
"Calgary Int'L CS","11-October-2020","-0.2","13.4","7.3","43.9","16.4","13.3","0.0"
"Calgary Int'L CS","12-October-2020","-0.1","5.5","2.6","79.7","10.3","13.4","0.0"
"Calgary Int'L CS","13-October-2020","-5.4","4.1","0.1","85.2","11.5","12.8","0.0"
"Calgary Int'L CS","14-October-2020","-2.9","5.5","1.0","81.3","10.8","13.0","0.0"
"Calgary Int'L CS","15-October-2020","-5.0","5.1","0.3","74.3","11.4","13.3","0.0"
"Calgary Int'L CS","16-October-2020","-4.1","3.6","-0.6","83.4","14.2","12.9","0.0"
"Calgary Int'L CS","17-October-2020","-8.6","-3.4","-6.0","72.8","15.9","13.6","0.0"
"Calgary Int'L CS","18-October-2020","-9.0","-6.2","-7.8","81.9","11.2","13.0","0.0"
"Calgary Int'L CS","19-October-2020","-8.3","-0.6","-5.8","88.6","15.5","12.3","0.0"
"Calgary Int'L CS","20-October-2020","-5.2","2.2","-1.8","73.5","13.9","12.5","0.0"
"Calgary Int'L CS","21-October-2020","-9.1","-2.6","-4.7","84.7","19.6","13.2","0.0"
"Calgary Int'L CS","22-October-2020","-10.1","-7.9","-9.2","79.4","9.6","13.5","0.0"
"Calgary Int'L CS","23-October-2020","-11.9","-8.8","-10.1","86.7","12.3","13.7","0.0"
"Calgary Int'L CS","24-October-2020","-16.6","-10.1","-13.1","77.0","11.2","14.2","0.0"
"Calgary Int'L CS","25-October-2020","-20.2","-1.5","-11.7","65.4","7.9","15.1","0.0"
"Calgary Int'L CS","26-October-2020","-6.2","3.8","0.4","58.2","8.2","14.8","0.0"
"Calgary Int'L CS","27-October-2020","2.7","13.9","8.6","52.0","25.2","15.3","0.0"
"Calgary Int'L CS","28-October-2020","-0.2","4.3","1.9","90.6","9.2","17.3","0.0"
"Calgary Int'L CS","29-October-2020","-1.8","6.6","1.4","83.9","9.6","17.9","0.0"
"Calgary Int'L CS","30-October-2020","-3.0","13.5","5.8","67.0","20.8","17.3","0.0"
"Calgary Int'L CS","31-October-2020","-6.2","9.5","1.8","57.5","12.6","16.8","0.0"
"Calgary Int'L CS","01-November-2020","-0.2","17.1","8.7","41.0","15.0","17.4","0.0"
"Calgary Int'L CS","02-November-2020","3.0","23.0","14.0","28.3","15.1","17.5","0.0"
"Calgary Int'L CS","03-November-2020","5.3","19.3","12.4","27.6","16.5","17.2","0.0"
"Calgary Int'L CS","04-November-2020","3.5","14.1","10.1","50.7","15.7","18.0","0.0"
"Calgary Int'L CS","05-November-2020","0.4","13.5","8.2","71.4","17.2","18.6","0.0"
"Calgary Int'L CS","06-November-2020","-3.7","3.9","0.7","83.2","8.0","19.0","0.0"
"Calgary Int'L CS","07-November-2020","-8.3","0.7","-2.5","89.3","27.4","18.6","0.0"
"Calgary Int'L CS","08-November-2020","-11.2","-7.5","-9.1","73.4","39.0","18.5","0.0"
"Calgary Int'L CS","09-November-2020","-14.5","2.9","-6.0","64.3","10.1","19.8","0.0"
"Calgary Int'L CS","10-November-2020","-6.4","2.1","-1.9","86.1","22.4","20.9","0.0"
"Calgary Int'L CS","11-November-2020","-14.5","-6.4","-10.3","77.8","14.4","20.5","0.0"
"Calgary Int'L CS","12-November-2020","-14.9","2.8","-5.8","59.2","10.2","18.1","0.0"
"Calgary Int'L CS","13-November-2020","-7.8","1.2","-2.9","63.2","8.3","17.4","0.0"
"Calgary Int'L CS","14-November-2020","-7.0","0.8","-2.4","68.0","13.6","18.9","0.0"
"Calgary Int'L CS","15-November-2020","-11.9","5.6","-3.2","57.4","12.2","17.9","0.0"
"Calgary Int'L CS","16-November-2020","-7.4","5.8","-0.7","54.3","9.1","19.6","0.0"
"Calgary Int'L CS","17-November-2020","-5.5","8.6","-0.6","84.8","13.4","20.6","0.0"
"Calgary Int'L CS","18-November-2020","-8.4","3.8","-5.4","88.3","10.4","20.7","0.0"
"Calgary Int'L CS","19-November-2020","-12.2","-8.2","-10.8","85.7","8.8","21.5","0.0"
"Calgary Int'L CS","20-November-2020","-12.0","2.1","-5.3","70.0","10.5","21.2","0.0"
"Calgary Int'L CS","21-November-2020","-7.4","5.3","-0.2","55.0","11.3","21.6","0.0"
"Calgary Int'L CS","22-November-2020","-11.9","1.0","-5.9","72.1","5.2","22.2","0.0"
"Calgary Int'L CS","23-November-2020","-7.3","2.1","-2.9","66.6","9.7","22.1","0.0"
"Calgary Int'L CS","24-November-2020","-9.2","8.2","-1.9","68.7","9.2","21.2","0.0"
"Calgary Int'L CS","25-November-2020","-7.6","1.9","-2.0","67.3","14.3","21.0","0.0"
"Calgary Int'L CS","26-November-2020","-6.4","6.3","-0.2","63.2","16.9","21.5","0.0"
"Calgary Int'L CS","27-November-2020","-0.4","9.9","5.1","44.1","13.4","21.8","0.0"
"Calgary Int'L CS","28-November-2020","-7.9","8.5","-0.9","62.0","20.7","22.8","0.0"
"Calgary Int'L CS","29-November-2020","-10.5","8.5","-1.1","49.9","10.8","22.9","0.0"
"Calgary Int'L CS","30-November-2020","-3.7","8.3","2.4","43.2","16.3","22.6","0.0"
"Calgary Int'L CS","01-December-2020","-6.6","3.6","-1.4","51.5","10.9","22.2","0.0"
"Calgary Int'L CS","02-December-2020","-5.6","9.2","0.2","56.9","5.0","23.7","0.0"
"Calgary Int'L CS","03-December-2020","-6.1","15.3","4.3","50.5","10.5","24.5","0.0"
"Calgary Int'L CS","04-December-2020","-1.9","12.2","6.1","43.1","10.6","24.6","0.0"
"Calgary Int'L CS","05-December-2020","-6.0","13.1","5.0","38.8","8.0","24.6","0.0"
"Calgary Int'L CS","06-December-2020","-4.8","14.2","7.2","31.4","19.4","24.6","0.0"
"Calgary Int'L CS","07-December-2020","1.1","13.7","8.3","41.2","14.4","25.3","0.0"
"Calgary Int'L CS","08-December-2020","-2.7","12.7","5.0","65.7","11.5","24.6","0.0"
"Calgary Int'L CS","09-December-2020","-10.8","3.4","-1.4","92.9","7.6","23.0","0.0"
"Calgary Int'L CS","10-December-2020","-12.8","-0.9","-7.2","82.0","6.7","22.8","0.0"
"Calgary Int'L CS","11-December-2020","-12.8","-7.2","-8.7","92.0","12.2","23.1","0.0"
"Calgary Int'L CS","12-December-2020","-13.8","-4.9","-8.8","82.6","16.2","23.2","0.0"
"Calgary Int'L CS","13-December-2020","-17.3","-13.7","-16.2","83.5","15.0","24.5","0.0"
"Calgary Int'L CS","14-December-2020","-16.8","-1.1","-9.2","75.6","9.7","24.4","0.0"
"Calgary Int'L CS","15-December-2020","-8.1","2.3","-1.8","59.0","10.9","23.6","0.0"
"Calgary Int'L CS","16-December-2020","-3.2","4.1","0.8","53.2","12.5","23.6","0.0"
"Calgary Int'L CS","17-December-2020","-8.5","4.4","-2.4","72.6","13.7","22.8","0.0"
"Calgary Int'L CS","18-December-2020","-11.8","5.1","-4.3","70.8","13.0","23.7","0.0"
"Calgary Int'L CS","19-December-2020","-1.7","5.7","2.2","43.8","20.4","23.6","0.0"
"Calgary Int'L CS","20-December-2020","-3.9","6.1","1.9","50.9","22.2","23.8","0.0"
"Calgary Int'L CS","21-December-2020","-3.8","3.6","-1.1","62.9","12.8","25.5","0.0"
"Calgary Int'L CS","22-December-2020","-17.6","-3.3","-7.5","89.3","21.9","26.5","0.0"
"Calgary Int'L CS","23-December-2020","-20.7","5.2","-6.7","63.1","15.2","25.3","0.0"
"Calgary Int'L CS","24-December-2020","0.4","7.8","3.9","37.4","22.6","23.6","0.0"
"Calgary Int'L CS","25-December-2020","-6.9","4.3","-3.4","66.4","8.5","24.0","0.0"
"Calgary Int'L CS","26-December-2020","-8.8","-3.7","-5.6","86.3","13.6","24.4","0.0"
"Calgary Int'L CS","27-December-2020","-12.6","-7.7","-8.9","90.6","6.8","24.8","0.0"
"Calgary Int'L CS","28-December-2020","-14.2","-3.1","-8.0","78.6","5.7","26.5","0.0"
"Calgary Int'L CS","29-December-2020","-16.4","-5.8","-10.8","75.0","4.7","27.3","0.0"
"Calgary Int'L CS","30-December-2020","-10.9","0.9","-2.6","57.4","8.5","28.1","0.0"
"Calgary Int'L CS","31-December-2020","-11.2","0.3","-5.3","76.0","5.5","27.5","0.0"
